content,type
"【春意盎然！一起感受#课本中的春天#】“盼望着，盼望着，东风来了，春天的脚步近了……”演员@万茜 带来朱自清的散文《春》中片段，在这朝气蓬勃、充满希望的春天，让我们迎着春光播种梦想↓↓（人民网）#微博开学季#  
人民网的微博视频
 ",教育
"【飒！#10岁女孩跳蒙古舞潇洒自如#】近日，辽宁一博主晒出10岁女儿跳蒙古舞的视频，获得许多网友点赞。视频中，小女孩一个眼神气势突变，一个抖肩潇洒自如，尽显自信。网友：看得我仿佛到了大草原。#你好我的小孩# （新华每日电讯） 
人民日报的微博视频
 ",教育
"【真·“小法布尔”！#浙江11岁男孩拍昆虫科普涨粉30万#】浙江宁波11岁男孩李於言还在读五年级，他从小就对昆虫情有独钟，并热衷给同学们讲解。2022年年底，他开始录制昆虫科普视频，短短一年时间，全网粉丝就增长到30多万，被网友们称为“小法布尔”！小李同学的目标是考上农业大学，也希望能找到没被发现过的生物，以他的名字去命名！#你好我的小孩# （综合中国宁波网、宁波晚报）
浙江
 
钱江视频的微博视频",教育
"【满屏春天气息！#教你做超治愈春暖花开小摆件#】早安
 春天来了，快用黏土和水瓶做个“春暖花开”小摆件吧，简单又好看，快学起来吧~（猪猪手工）#你好我的小孩#  
人民网的微博视频
 ",教育
"【#00后女生凭爱好考上大学#】近日，@大河报 采访来自焦作温县的00后大学生王佳垚，她一家共有5人会打太极拳，她也从小耳濡目染、反复训练，并最终凭借这项爱好考上大学。王佳垚先后获得国家级赛事奖牌5枚，她表示，希望自己以后可以做一名武术教师，传承武术精神，弘扬中华文化。#职向未来#  
大河报的微博视频",教育
"【#这个爆火的幼儿园又整新菜了#】#孩子捏窝窝的那几下这学上得值了#近日，江苏徐州一幼儿园发布的园内烧火做饭的视频走红。清明时节，小朋友们又解锁新技能，忙着制作春日美食——榆钱窝窝，由于动作过分娴熟，被网友笑称“年龄6岁，工龄3年。” #你好我的小孩# 
荔枝新闻的微博视频",教育
"【#00后女生给自己办葬礼#：有了面对生活的无数次勇气】“这次仪式让我有了面对生活的无数次勇气。”近日，山东的00后小孙给自己办了一场“葬礼”，还请自己的发小当主持人，小孙称自己有很长一段时间处于情绪很低落、难以表达的状态中，“很大一部分原因是觉得自己很自卑，然后老觉得自己没什么优点，希望这件事情能带给我自己一个出口。”小孙说：“看到大家给我写的悼词之类的，发现大家能看到我的真诚和闪光点。”小孙发小认为，虽然这是她的葬礼，但也是她重新开始的一个起点。这样特别的重新开始，你怎么看？#芝士热亿点# （果然视频）
山东
 
大众网的微博视频",教育
"【#女孩看街景地图意外发现已故奶奶#】4月3日，河南安阳。女孩打开街景地图，翻看从小长大的地方怀念小时候，却意外发现已故的奶奶，“每天都在想她，看到那一幕感觉她还在我身边。”@闪电新闻 
闪电新闻的微博视频
 ",教育
"【#地震时男孩一把抱起同桌往外冲#】昨天，台湾发生7.3级地震，福建厦门震感明显。地震发生时，厦门一中学的高一学生张智勋，毫不犹豫地抱起同桌冲出教室，撤离到安全地带。据了解，同桌因病行动不便，张智勋平时就常帮助他。这个抱起的动作，张智勋已经重复过无数次。网友：小小肩膀，大大担当，少年好样的！#微博开学季# @厦门日报 
厦门日报的微博视频",教育
"#全校唯一一个自驾上学的高中生# 【#高三女生自驾上学实现通勤自由# 】3月30日，吉林松原，18岁高中女生每天自驾7.5公里，跨越松花江上学，当事人称：“父母比较忙，也相信自己的开车技术，这样确实比较节约时间”。据了解，该女生晚上学一年，刚满18岁就去考取了驾照……#加油高考#  
先锋新闻的微博视频",教育
"【#95后女生当入殓师送别万名逝者#】#入殓师为逝者缝170针体面和家人道别##新职业来了#湖北襄阳，95后女生茶泉灵19岁时开始在殡仪馆实习做入殓师。她的工作上二休二，没有节假日，最忙的时候两天工作了40小时，7年来服务过上万名逝者。她曾花费6小时，为一位意外逝去的男士缝170针，让他能整洁体面地和妻子家人告别。她说，这份工作真的会让我，特别珍惜生命、珍惜身边的人。#新青年职业图鉴# @大米Video 
大米Video的微博视频",教育
"【一秒KO！#山东姐姐对弟弟的血脉压制有多强# 】#姐弟打架不要慌先拍视频记录一下#  4月2日，山东青岛。杨先生分享家中两个萌娃生活日常，弟弟在姐姐做手工时捣乱，被姐姐一秒KO血脉压制，“比较放心，他们不是真的动手打架，姐弟之间的打闹”。#你好我的小孩#  
齐鲁电视台的微博视频
 ",教育
"【#退休后大爷大妈学起了怎么当主播#年轻时的梦想这时候实现了】在浙江省文化馆的“银发主播”培训课上，第一节课教这群退休大爷大妈如何开直播，有人刚装好软件也有人已经熟练跟观众打招呼了，这门课的老师是来自浙江传媒学院的研究生。慢慢地，一开始摆弄不明白的手机，好像也懂事起来。#63岁大爷学芭蕾成班上唯一男同学# 这里有很多门课，记者发现课上不仅没人睡觉，还在他们身上感受到了生命的朝气，原来50岁也可以学习如何成为网络主播、60岁也一样可以穿起舞鞋追逐儿时梦想。#微博开学季#浙江
 
钱江视频的微博视频",教育
"【#幼儿园反对被戏称辛者库#：不喜欢这个贬义词 孩子是纯真的】#幼儿园称不喜欢辛者库这个称呼# 近日，江苏徐州，一幼儿园发布孩子炒菜、蒸馒头、养鸡、缝纫的视频，引发关注。4月3日，幼儿园工作人员告诉红星新闻，这是幼儿园日常开设的劳动课，目的是引导孩子少接触电子产品，多锻炼动手能力、生活能力。视频发酵后不少网友调侃称，“这是辛者库幼儿园”。幼儿园工作人员称，她查询了“辛者库”的意思，她反对被网友“玩梗”，冠以这样的贬义的称呼。#芝士热亿点#  
红星视频的微博视频",教育
"【收藏！#春天彩虹风车教程#】#零基础手工课#教你做一个好看又春天的彩虹风车，快学起来吧~（告白手工）#微博开学季# 
人民网的微博视频
 ",教育
"【南京一考研生成绩第一被刷，曾被曝在宿舍虐杀猫？校方回应】#南京大学回应一考研生成绩第一被刷# 4月2日，江苏南京，网传一报考南京大学物理学院研究生学位的男子，以专业课排名第一的成绩被刷，原因疑似是其思想品德考核不过关。在此之前，有多名网友在网络平台发帖，向学校反映，该名学生存在严重素质问题：曾在学校宿舍录视频虐杀猫，还加入过一个以虐猫为乐的网络团伙。#芝士热亿点# 
4月3日，@潇湘晨报 记者从南京大学相关部门了解到，网传信息部分为真。接受采访的工作人员称，学校官网已经公示他考核不过的原因，“上面写的很清楚。考研有初试有复试，学校会综合考量。” 
南京一考研生成绩第一被刷，曾被曝在宿舍虐杀猫？校方回应",教育
"【#小朋友幼儿园烧火做饭忙得不亦乐乎# 园方：特色教学 家长孩子们都喜欢】4月2日，山东潍坊。一则小朋友们在幼儿园里烧火做起农家饭视频热传。现场视频显示，孩子们在户外绣花、编马扎、包饺子、小朋友们玩耍忙碌得不亦乐乎，网友戏称“幼儿职业技术学院”值得全国推广。幼儿园范老师称，这是我们的教学特色，分为户外和户内，大中小每个阶段每天都有，家长和孩子们都很喜欢，综合锻炼了孩子们的各项技能。#辛者库幼儿园# 上线，你怎么看？ #你好我的小孩# @冷暖视频 
冷暖视频的微博视频",教育
"【#地震瞬间老师逆行奔向教室救孩子#】4月3日，福建福清。在台湾花莲县海域发生多次地震后，福建多地震感强烈，福清西山学校正在教室上课的师生在感受到地震后，迅速起身，而在教室外面的老师不约而同逆行奔向教室，师生协力以最快速度撤离到安全空旷地带。#地震后上课学生教科书式有序撤离##你好老师# 
未来网的微博视频",教育
"【#6岁女孩叠杯世锦赛夺得亚军# 双手举五星红旗登上领奖台】3月29日，美国佛罗里达州。WSSA 2024美国佛罗里达州竞技叠杯世界锦标赛上，来自广西的6岁女孩张译心，以9.194秒的惊人成绩荣获个人Cycle决赛亚军。在随后的领奖仪式上，她双手举起五星红旗站在了领奖台上
 #你好我的小孩# @冷暖视频  
冷暖视频的微博视频",教育
"【#知道12秒后地震要来我能做什么#？】那么某天深夜，当我们在刺耳的警报声中醒来，发现屏幕上跳动的时间只剩区区12秒时，我们到底还能做点什么？跑，还是不跑，这是个问题。如果有10秒时间，那么二楼以下居民可以逃离到楼外，更高层居民则最好就地避险。
12秒，往外跑困难重重，在家却可以执行多个避难动作：穿上鞋子、叫醒家人、寻找桌子床铺等坚固掩体，做好避难姿势。国际公认的最佳避难姿势非常简洁，只有三步：“伏地、遮挡、抓牢（Drop、Cover、Hold on）”。相比于备受质疑的“生命三角”，这种姿势被证明更加值得信赖，可以最大限度地保证受灾者不被坠落物伤害。
挺过震中，还有震后。紧随而来的是火灾危机。沿海地区更为可怕的是海啸。这些，正是地震警报鸣响后，我们所需要躲避，也有能力躲避的危险。地震预警，每一秒钟都是在和死神拔河。#台湾花莲县海域7.3级地震##芝士热亿点#",教育
"#女孩练习拉丁舞稚嫩又认真# 4月1日山西，女孩练习拉丁舞，稚嫩又认真。网友：稚嫩又认真的样子太可爱了。#宝宝在家认真练习拉丁舞# #你好我的小孩# 
这里是校园的微博视频
 ",教育
"【#这届年轻人开始流行在公园睡觉#】#春天来了公园就是一张巨大的床# 近日，去公园睡觉在年轻人中风靡起来。在北京，朝阳公园内来来往往的人潮丝毫不影响年轻人席地而躺；在上海，辰山植物园樱花树下，找一块合适的可以躺的地方还需要花费时间；在重庆，一旦出现了太阳，中央公园内广阔的草地上“长满了人”，满目葱绿的草坪十分治愈；在南京，玄武湖内三五好友相聚起来一起放松……北京的力力（化名）表示，自己在公园内甚至不需要帐篷，只要垫子一铺就可以随地而躺，即能缓解周中工作带来的压力、解决个人状态差的问题，又能享受春日大好时光。你如何看待年轻人的这种现象？#教育聊一聊# @未来网 
未来网的微博视频",教育
"【#南昌再遇雷暴天气学生用身体堵门#，“有宿舍窗户被吹炸”】#南昌再遇雷暴天气有宿舍窗户被吹炸# 据青蜂侠：4月2日，江西遭遇强对流天气多地狂风暴雨加冰雹，江西服装学院多处窗户玻璃破碎掉落，学校食堂和宿舍楼内一片狼藉，视频显示，多名男学生合力用身体推堵房门仍很吃力，有房间窗户被大风刮掉，楼道内遍布冰雹及玻璃渣。 #微博开学季# 
新浪热点的微博视频",教育
"【收藏！#一组有氧健康操提高心肺功能#】早安#5个动作帮你提高心肺功能# ：①扩胸运动；②躯干旋转；③侧方迈步；④弓步上前；⑤上抬腿。春光正好，强身健体转存练起来！ [供稿：萧山区卫健局] 
健康杭州的微博视频
 ",教育
"【暖心一幕！#十余名学生雨中飞奔帮老人推三轮#】近日，四川德阳，十余名学生在训练时突遇降雨，返回途中又发现一老人三轮车出现故障，学生们便蜂拥而上，在雨中帮老人推车。学生易同学表示：当时是在训练中途突降大雨，大家看到老人的三轮车出现故障后，都自发帮忙把车推到了修理店，随后开始返程。#教育的力量#德阳
 @点时新闻 
点时新闻的微博视频",教育
"【#00后女生当模特穿自己设计的寿衣#】#新职业来了# 山东菏泽，00后小李是一名服装设计专业的大学生，实习期间她做了寿衣模特，试穿了上百套寿衣大方展示，还参与了6套寿衣的版型设计。小李身边的同学们都不害怕，只有妈妈一度担心自己找对象问题，但她并不在意。小李说，大家害怕的其实不是这件衣服，“是与家人的分离”。#新青年职业图鉴#  @大米Video 
大米Video的微博视频",教育
"【#自闭儿童父母最需要的社会帮助是理解#】今天是世界孤独症日，自闭症又叫孤独症，是一种神经发育障碍。近年来，我国自闭症确诊患者每年增长近20万人次。但目前自闭症病因还没有确论，缺乏有效的药物治疗。#6岁前是自闭症儿童最佳治疗期#专家建议，和自闭症患者沟通时要少用比喻、隐喻和幽默，尽量把话说得简单直白，更不要强迫自闭症儿童交朋友。 
央视网的微博视频
 #点亮星星守护你#",教育
"#星星的孩子化身熊猫捡屎官#4月2日是世界孤独症日，喜欢大熊猫的轩轩，如愿走进野生大熊猫的家里，穿越竹林，体验了一把当“捡屎官”的乐趣。 16岁的轩轩是一名孤独症患者，对于他来说，生活自理本是一件很难的事，但在全家人的坚持和陪伴下，如今的轩轩已经掌握了轮滑、钢琴、煮饭、做咖啡、做蛋糕等多项技能，一切都在向好发展。#教育的力量##点亮星星守护你# 
新京报教育新闻的微博视频",教育
"【收藏！#教你折一朵春日栀子花#】#零基础手工课#春暖花开，教你折一朵白色栀子花，好看又有趣，快学起来吧~（小简手工）#课外提升指南#  
人民网的微博视频
 ",教育
"【#妈妈陪读十年将自闭症儿子培养成调律师#】江苏南京19岁男孩朱晨啸小名笑笑，在2岁时确诊自闭症。爸爸上班赚钱，妈妈田伟便辞职陪读，和儿子当同桌。笑笑自小表现出音乐天赋，在儿子初中毕业后，田伟又陪他上培训学校，一年后双双通过资格考试成为钢琴调律师。不到一年，母子俩已上门为40多台钢琴调律。能为笑笑找到一条属于他的生存之路，田伟觉得欣慰而又踏实。 
江苏新闻的微博视频
 #星星的孩子#南京",教育
"【收藏！#7个动作带你高效燃脂#】早安
每天动一动，健康好身体。快试试这套#古法燃脂健身操#吧↓↓@健康杭州 
人民网的微博视频
 ",教育
"【#90后小伙银行离职后在殡葬行业找到人生价值#】27岁宁波小伙韩磊，3年前从银行离职后，入职殡葬行业，每天七点半上班，主要负责殡葬服务、巡山、代客祭扫等工作。他表示，“几年下来，送好逝者的最后一程，让生者安心，在这里找到了人生价值。” （来源：宁波晚报）#职向未来#  
中国蓝新闻的微博视频
 ",教育
"【#班主任辞职参军全班沸腾了#】近日，广东广州，22岁的邬可盈启程奔赴军营。邬可盈大学时就向往军营，但毕业应征时因身体的小状况落选，应聘成为一名初中老师。不久前，她再次报名参军，终于圆梦！最后一节课，邬老师和孩子们分享了即将入伍的消息↓↓网友：#教书育人和保家卫国她都做到了#，祝福！加油！#你好老师# @广州日报 
广州日报的微博视频",教育
"【教育部部署2024年教师队伍建设工作】日前，教育部在浙江省杭州市召开2024年教师队伍建设工作部署会，落实2024年全国教育工作会议精神，总结教师队伍建设进展成效，分析教师队伍建设面临的新形势，研讨交流地方和高校典型经验，部署教师队伍建设重点工作。会议指出，推进教育强国建设，教师队伍是最重要的基础工作。2024年是新中国成立75周年，正逢第40个教师节，教师队伍建设面临新形势，应担负起新使命。#你好老师# 
教育部召开2024年教师队伍建设工作部署会",教育
"#90后残疾小伙为假肢装螺旋桨#【点赞！#独腿小伙改造假肢成变形金刚#】自带炫酷灯光、能够辅助游泳、可以爬山奔跑，这是90后独腿小伙梁开宇，为自己改造升级的假肢↓↓他希望更多像他一样的人能重新“站起来”。网友：加油，热爱生活的人闪闪发光！#教育的力量# @齐鲁晚报 
齐鲁晚报的微博视频",教育
"【#19岁女生和41岁阿姨处成闺蜜#】广东广州，19岁女孩小夏因脊柱弯曲住院，认识了一位41岁的病友阿姨。做牵引会导致腰痛背痛，俩人互相安慰鼓励，照顾彼此的生活，还会一起开心地拍照比心，逐渐处成了闺蜜。小夏说，“姐姐”就是她的情感支撑，未来“要把缘分一直延续下去”。@大米Video 
大米Video的微博视频",教育
"【#女教师反映教学兼班主任感到身心俱疲#：很多时候顾了教学就顾不上管班】近日，湖北。一小学语文#女教师建议设置独立班主任专门管班#，让科任老师好好教书，发视频称，目前，主科老师兼班主任的设置，让大多数老师对班主任职位避之不及，班主任每天任务繁多，需要高效完成任务并兼顾好教学，让老师感到身心俱疲，很多时候顾了教学就顾不上管班，并且班主任津贴与所付出远远不够平衡，建议学校设置独立班主任专门管班，科任老师好好教书。#芝士热亿点# @梧桐Video 
湖北
 
梧桐Video的微博视频",教育
"【隔着屏幕都疼！#女子辅导儿子作业情绪崩溃踹断脚趾#】近日，江苏南京，一位妈妈辅导儿子写作业时，情绪逐渐崩溃。随后，穿着拖鞋的她本想踹儿子，结果一脚踹到墙上，导致小脚趾直接骨折。#你好我的小孩# @农民频道 
农民频道的微博视频
 ",教育
"【#87岁恩师生命被30年前徒弟挽救#，教育在这一刻完成闭环】3月28日下午，医生张耀森在广州医科大学附属番禺中心医院为30年前的恩师林肖松复查，林肖松表示对学生张耀森的医术非常有信心。据了解，今年二月底，在张耀森的帮助下，林肖松顺利完成了全麻胸腔镜微创肺癌手术治疗。复诊结束后，师徒两人紧握彼此双手互道感谢。（羊城晚报） #教育的力量#广州
 @点时新闻  
点时新闻的微博视频",教育
"【教育事业的薪火相传！#非师范专业男生跟初中班主任实习#】3月28日，浙江衢州。非师范专业郑先生梦想成为老师，跟着初中班主任实习，第一次正式上课时又紧张又感动。郑先生表示，毕业7年还能和老师别样同框，老师也还是记忆中的模样，这种感觉非常奇妙。#他从初中老师手里接过教书育人的接力棒##教育的力量#衢州
 
重庆广电第1眼的微博视频",教育
"【#00后女生兼职陪拍6小时赚400多#】3月29日，陕西西安。兴庆公园郁金香逐渐盛放，许多游客慕名而来。21岁的孙女士在这里兼职陪拍，半小时就拍了3组客人，6小时左右赚到了400元。当事人孙女士称，平时一下午大概可以赚200元左右，因为郁金香开了，游客非常多，最近几天的收入可以达到400元以上。#职向未来# @白鹿视频 
白鹿视频的微博视频",教育
"【#狗狗化身司机接萌娃放学羡煞旁人#】 这得让多少小朋友羡慕呀！3月26日，河北邢台，狗狗“开车”去接萌娃放学，回头率百分之百。网友：#小孩界的劳斯莱斯出现了##生活的模样# 
生活帮的微博视频
 ",教育
"【#北大毕业女生摆摊卖手串月入5万#】80后女孩月川，北大在职研究生期间就开始了自己的创业生涯，开过咖啡馆、也融过一大笔资金做过互联网平台。2019年，因为怀孕生娃，月川短暂离开职场。随后找工作不顺利的她决定二次创业，在市集上摆摊卖手串。因为自己本身的工作经验积累，月川的生意做得越来越好，摆摊收入每个月都要进账3—5万，#北大毕业女孩市集摆摊月入5万#。对于北大毕业摆摊，月川表示：“北大毕业，当时以为自己工作经历、学历还是挺好看，但是找工作的时候，这些都没有用。第一次摆摊的时候4天卖了8000块钱，当时觉得这个事可以干，然后就一直做下来了。”对于身边人的质疑声音，月川回应称：“其实人的可能性有很多，不用给自己设限一定是职场精英，我们尽自己所能让自己过得开心”。#职向未来#  
九派新闻的微博视频",教育
"【#甲骨文女孩走红一年发文拒绝捧杀#】#李右溪说自己并非天才只是热爱# “唯一的甲骨文大学生，破译一个字赚10万……”浙江杭州，95后女孩李右溪科普甲骨文走红一年后，发现一些自己的“谣言”也开始流传。近日，她专门发视频辟谣：我没有那么厉害，现在还在一步一个脚印，努力做到不误导别人。#芝士热亿点#  @田野视频 
田野视频的微博视频",教育
"【#浙大学霸20门课程满绩还整理151份笔记共享#】 连续三年成绩排名位列专业第一，横跨九个学院修读数十门外专业课程，20门课程满绩，浙江大学近日分享了一位宝藏学生。邹易阳是浙江大学2020级本科生，在自己整理提纲的过程中，邹易阳发现这是一项极为耗时耗力的工作，于是他萌生了共享笔记的念头。为了方便学弟学妹使用，他尽心将每一节课堂笔记都制作得清晰明了、精良美观，并会额外补充自己所掌握的课外内容与前沿知识。在专业课程学习过程中，他共计整理了多达151份的笔记与7095份各类资源。他说，“据学弟学妹们反馈，笔记与资料基本上能涵盖本门课程90%以上的考点”。#学霸带带我#  
中国蓝新闻的微博视频",教育
"【#12岁孩子拿盲人手机充游戏家长无理回应#我还没找你事儿，为什么让他玩游戏？】许昌，盲人王先生反映，想让侄子帮忙给自己充话费，却发现手机上的3000多元不见了，查询后发现被邻居家12岁男孩充值了游戏，对此邻居家长回应：我还要找你的事儿，手机为什么没有密码，为什么要让我孩子玩游戏？你是成年人各负一半责任。目前，小莉和村委帮助王先生申诉游戏充值款，已提交证明。对此，你怎么看？ #教育聊一聊# 
小莉帮忙的微博视频",教育
"#社牛女孩全文背木兰辞被邀免费骑马#近日，河南郑州。一男子在放马时被孩子们围观，听到围观女孩熟练说出“鞍鞯”“辔头”等词语，便邀请女孩完整背诵《木兰辞》，并承诺免费骑马。当事人表示：既收获了快乐又传承了文化。#微博开学季#  
新京报教育新闻的微博视频
 ",教育
"【是奇迹也是努力！#19岁唐氏女孩变脸绝技惊艳众人#】近日，一位来自四川的唐氏女孩表演变脸绝技在网上火了！这位女孩叫秋华，她出生6个月就被诊断出唐氏综合征。然而她的母亲并未放弃她，母亲教女儿生活自理，让女儿学变脸表演，只为女儿今后有一口饭吃。秋华的老师说，或许全国只有这样一个唐氏宝宝能够表演变脸绝技！#母亲苦心陪唐氏女儿练就变脸绝技##你好我的小孩#  
重庆广电第1眼的微博视频",教育
"【春天来了！#教你折一把彩虹雨伞#】#课外提升指南# 春天到了，一起用纸折一把彩虹雨伞吧，简单又好看，快学起来吧~（告白手工） 
人民网的微博视频
 ",教育
"【#宝妈吐槽亲子爬山单次收费高达600元#】近日，北京。一位海淀妈妈向@未来网 反映，自己准备带3岁娃爬山，结果一查亲子爬山和户外亲子团需要大几百块。据该妈妈提供的亲子自然活动报名页面显示，活动主要分为森林公园活动、山野活动，价格分别对应单次520、单次600，费用仅包含活动设计和组织、物料费、保险，不含门票和其他消费。此外，该亲子活动还设置了春夏季、秋冬季活动排期，除单次报名外还可以整学期报名，并列出了四名活动老师。不少网友表示十分不理解，自己带娃或者约人组队也能爬，疑问如此之贵的亲子户外团到底是谁在报？也有部分网友认为，对没时间陪孩子的父母来说是不错的选择。你如何看待这种现象？#教育有料# 
未来网的微博视频",教育
"【0.879秒！#00后女孩再破世界吉尼斯纪录# 】近日，来自福州连江的“00后”女孩杨心静以0.879秒的成绩，打破了最快时间盲解魔板的吉尼斯世界纪录。这已经不是她第一次打破世界纪录了，2022年，她还曾打破速解五连环的世界纪录。（福州日报）#学霸带带我#  
福州日报的微博视频
 ",教育
"【想退休的年轻人在期待什么？ #00后女生翘班3天体验退休生活#】不得不说，这届年轻人真的很神奇。小时候他们期待长大，刚工作就开始研究退休，相较于物质的丰盈，似乎更注重精神的满足。近日，四川成都，两名00后女生提前过上了退休生活：戴着“黑超”敷面膜、撸猫逗闷搓麻将、席地而躺晒太阳、扮成恐龙撸烧烤......与大爷大妈为伍，无惧他人目光，主打一个安逸，羡慕了全网。网友热评：“第一批整顿职场的00后，已经提前退休了！”#提前30年退休是种什么状态##新青年职业图鉴# 
青晨视频的微博视频",教育
"#一个引人深思的教育笑话# 为什么家长们看不清孩子遇到的真正危机？#为什么家长看不清孩子的真正危机# 
“一门课不及格，连人生的次要危机都不算，你找了一个渣男得了艾滋病，那个才是人生的真正威胁，很多父母他分不清楚。”@赵昱鲲 #你好我的小孩# 
三联生活周刊的微博视频
 ",教育
"【#在英中国女留学生被刺身亡#，警方锁定24岁同校嫌疑人】#31岁中国女留学生在英被刺身亡# 根据英国警方官网消息，当地时间3月20日23时15分之前，警方接到报警称在伦敦刘易舍姆庄园公园某处发生一起持刀伤人事件。警方和医护人员抵达后，发现现场有一名31岁女性身受重伤，尽管医护人员第一时间进行了抢救，但该女性仍因伤势过重不幸身亡。
3月22日，24岁的约书亚·麦克斯（Joshua Michals）因涉嫌谋杀被相关部门起诉。警方表示已通知被害人家属，并将为被害人家属提供支持。目前，正式的尸检尚未开展。
据伦敦大学金史密斯学院（Goldsmiths, University of London）一名中国留学生向红星新闻记者展示的学校发给她的邮件显示，遇害女生为该校一名中国留学生。3月28日，该校另一名中国留学生告诉@红星新闻，目前学校的中国留学生已自发成立了对遇害女生后事的帮扶处理小组。#芝士热亿点#",教育
"【#初中生说防校园霸凌就是要有个靠山#：可以是老师父母也可以是自己
】3月27日，浙江仙居县实验中学初三年级的王同学讲述如何避免校园霸凌。他表示，被欺负的多半是留守儿童、成绩一般、老实本分、身体比较弱的，而避免校园霸凌最简单的方式就是让孩子有“靠山”，这个“靠山”可以是老师和父母，也可以是自信强大的自己。#你好我的小孩##向校园霸凌说不# 
钱江视频的微博视频",教育
"【#北师大教授回应发传单推荐免费网课#】3月27日，网传北京师范大学副教授陈志新发传单推荐自己一门叫做“社会科学概论”的课程， 且传单上有网课的搜索方式并标有“网络课、免费的、没有学分、没有作业”和老师的联系方式。
陈志新老师也于28日回应，“学校教务系统没有我的课，才直接到同学中推荐的啊。我一定积极争取开成这门课。谢谢同学!”。
据了解，多名北师大同学曾发帖表示收到老师传单，在发现“传单”内容是学校老师在推荐课程后，同学们都觉得不可思议，“觉得这是一位很认真负责、很真诚的老师。”
3月24日开始，4天时间，陈老师一共发布了38条网课视频，截至3月28日早晨，账号“陈志新bnu”已经拥有近6万名粉丝。其发布的每一条网课视频，都标注了课程主讲内容和序号，为了方便大家使用，还有对整个视频教学文档的描述。
有网友称这是真正的“学为人师，授道解惑”，也有网友对其行为表示敬佩“总有人名利场里写诗”，你怎么看呢？#你好老师# @白鹿视频 
白鹿视频的微博视频",教育
"【#男子专升本考试语种错选成俄语#】3月25日，吉林长春。一男子发视频称，发现自己专升本考试的语种报错，选成了俄语，引发网友热议。3月27日，男子发视频回应称，学习了一年的专升本，发生了这种情况，自己心情也挺不舒服的。随后男子调侃自己称，虽然撞上了大冰山，但还是想在这过程中奋进一下。网友直呼：“真是一场酣畅淋漓的下岸。”@白鹿视频  #决战专升本#  
白鹿视频的微博视频",教育
"【#初中学历小伙写1500万字后重启人生#】#36岁还在打工的我决定重启人生# 辽宁沈阳，高一时，胡长远的父亲去世，作为老大的他辍学了。后来20年，辗转打工、生活艰辛的他，把一部《红楼梦》读了数百遍。36岁时，他抓住一个机会，从锅炉工变身知识创作者，6年写下1500万字红楼解读文章，在城里买房，让母亲过上更好的生活……胡长远说：知识重启了我的人生。#职向未来#  @田野视频 
田野视频的微博视频",教育
"考研
 【#初试428分未进考研复试##如何看考研分数线内卷#】“初试成绩428分，政治单科成绩65分，比报考高校考研复试线中的政治线低2分，无缘复试。”“初试389分，比我预计的要高很多，但复试线出来是390分，一分之差隔断了我和我的梦想。”有的高校新闻传播学学术硕士复试线超过400分，比上一年涨了45分……继考研国家线公布两周后，近日不少高校的复试线和复试时间陆续公布，而逐渐推高的考研复试线，让不少考研学子陷入考研分数线“内卷”的无奈，甚至与梦中“情校”的复试失之交臂的沮丧。他们中，有人因为经历相似而互相鼓励、重拾信心，准备等待调剂或再“战”；也有人准备看就业机会。（@澎湃新闻）#教育聊一聊#",教育
"【#国家一级演员课堂上爆改大学生#】近日国家一级演员、“梅花奖”得主黄齐峰老师来到天津大学在《京剧与中国文化》通识课的课堂为师生们带来了生动一课。据@天津大学 介绍，黄齐峰在课堂上加入了演出道具与体验环节，让讲台变成舞台，使同学们沉浸式感受到了京剧艺术魅力。把“梨园舞台”搬上“三尺讲台”， 聆听旋律，体悟人生。这样的课程，爱了爱了！#微博开学季# @西部决策 
西部决策的微博视频",教育
"【#金宝贝突然停业几天前还怂恿家长充值#】#教育有料# 近日，连锁早教机构金宝贝位于南京的三家门店同时关闭，引发广泛关注。实际上，从去年开始，金宝贝在上海、重庆、济南等多地，也出现了门店突然闭店的情况。
目前，公安部门正在统计受害家庭和金额。按照家长们的计算，#早教机构关店家长退款要等30年#……
专家表示，要建立一种预付费安全保障机制，放在银行托管账号上，而不是说把所有的经营风险都由消费者来承担。 
央视新闻的微博视频",教育
"【#劝学生自愿放弃中考学校将被追责#】3月27日，河南南召县教体局通过微信公众号就“学校给孩子发自愿放弃中考申请”一事作出说明称，网络反映情况基本属实，该局已督促学校积极与学生家长沟通，并将追究相关人员责任。南召县教体局介绍，3月24日，一学生家长在抖音平台发布“学校给孩子发自愿放弃中考申请”的短视频，我局关注到相关信息后，第一时间成立调查组展开调查。经初步核查，“学校给孩子发自愿放弃中考申请”的情况基本属实。我局已督促学校积极与该生家长沟通，妥善处理此事，并将追究相关人员责任。南召县教体局还表示，下一步，该局将认真汲取教训，举一反三，本着对学生高度负责的态度，加大中考政策宣传力度，切实保障每一位学生参加中考的权利。#芝士热亿点# @河畔视频 
河畔视频的微博视频",教育
"#男生7岁起照顾智力残障同学5年##少年因一句嘱托照顾同学5年#近日，江西宜春。一则铜鼓县五年级学生连续5年照顾身患智障同学的视频，引发关注。据了解，李奇健自小被遗弃在福利院，被收养两年后，家人发现孩子身患唐氏综合症。家人从未放弃收养李奇健，并将他送进学校接受教育。同学吴亚军主动扛起照顾李奇健的责任，坚持了整整五年。#微博开学季# 
新京报教育新闻的微博视频",教育
"【#26岁副教授陈逸伦寄语母校学弟学妹#】近日，陕西西安。1995年陈逸伦生于陕西西安，2005年入读西安铁一中，15岁考上中科大少年班，24岁博士毕业，26岁成为中山大学副教授。陈逸伦寄语母校学弟学妹：“遇到的困难其实很多的，小到解不出数学题，大到语文偏科，下定决心不怕牺牲，排除万难去争取胜利。”希望学弟学妹们在铁一不仅收获知识更能提升解决问题的能力，无论身在何处，都能有一颗热忱的心，服务社会，关爱他人。@后浪视频 #学霸带带我# 
后浪视频的微博视频",教育
"【爱会发光！✨#老师内定刮刮乐鼓励铅笔头男孩#】近日，河南。老师发现班上一名男孩总是用铅笔头写字，便为他“内定”了一张刮刮乐，开奖后是一盒铅笔……网友: 既表扬鼓励了孩子  还给孩子留了尊严！#你好老师#@陕视新闻 
陕视新闻的微博视频
 ",教育
"【#4名大学室友赴十年之约自驾去拉萨#】3月26日，湖北武汉，4名大学室友共赴“十年之约”，从武汉出发自驾前往拉萨，“青春没有售价，迈巴赫干到拉萨。”  #微博开学季# 
潇湘晨报的微博视频
 ",教育
"【#北大尚未确定录取蔡元培#：要等最终名单】 据@冷暖视频 报道：3月26日，北京。据北京大学国际关系学院公布的该学院2024年硕士生招生复试成绩信息显示，此前备受关注的考生蔡元培复试成绩已出。与此前的初试成绩相加，考生蔡元培研究生考试总成绩位列其报考的科学社会主义与国际共产主义运动专业第一。#北大招办回应是否录取蔡元培##微博开学季# 
27日，北京大学研究生招生办老师回应称，目前只是公布复试成绩，至于是否录取还要等最终公布的录取名单。
冷暖视频的微博视频",教育
"【别人家的奶奶！#奶奶教孙子英语音准如听力考试#】福建厦门的杨奶奶曾是厦门大学外文系的一名老师，几年前退休后，她给孙子孙女当起了英语启蒙老师，标准的发音和清晰的吐字，教学课堂酷似听力考试现场。儿媳孙女士说，孩子们目前已经跟着奶奶学了600个单词，对学习很感兴趣。#微博开学季# @贰河视频  
贰河视频的微博视频
 ",教育
【#官方通报初中校长发表小小说杜鹃花落#】3月26日，河南省安阳市汤阴县教育局发布通告，近日，汤阴县一初中校长李某某发表的小小说《杜鹃花落》，在社会上造成不良影响。事发后，汤阴县教育局立即组织人员进行调查，现已对李某某给予免职处理。下一步将根据调查情况，按照相关规定对相关人员严肃处理。据报道，此前成都市新都区初三学生参加的一场考试中，出现了一篇被指美化侵华日军和侮辱八路军的文章《杜鹃花落》，这篇文章由李某某于去年撰写并发在网上。#杜鹃花落作者已被免职##芝士热亿点#(央视新闻客户端),教育
"【#49名大学生为新婚辅导员手绘百喜图# 
】近日，贵州黔南，一高校班级全体49名学生手绘百喜图赠送新婚辅导员，向老师献上最真切的祝福。田同学表示，平时辅导员非常关心学生，我们也想通过该礼物表达感激之情。蒋老师表示，当时收到学生的送的百喜图，内心又惊讶又开心。自己担任他们班主任已经快两年了，和学生相处的也很融洽，感觉老师和学生是相互成就的。  #每个笔划都承载了学生满满的祝福# @点时新闻 
黔南#微博开学季# 
点时新闻的微博视频",教育
"【网红玩具“炸包”含急性剧毒！#多个电商平台卖有安全隐患的炸包玩具#】“一按一摇一扔”就爆响，近期，一款“炸包”玩具受到了部分中小学生的追捧。来自江苏泰州的家长赵先生告诉记者，孩子被“炸包”玩具整蛊后身体出现了不适的情况。据了解，这款玩具并不符合国家强制性标准要求,甚至存在一定的安全隐患。记者调查发现，目前仍有多个电商购物平台销售此类“炸包”玩具，产品关键词从“炸包”变为“炸汽包”仍在售卖，部分产品销量甚至已超百万。对此，专家表示，要警惕此类“炸包”玩具，尤其是一些包装上没有任何生产信息以及注意事项的。此外，这种玩具爆炸后会产生恶臭气体或有毒气体,平台应当对该类玩具的质量进行把关，停止售卖存在安全隐患的产品。#芝士热亿点# #母婴消费观察# @未来网 
这款网红玩具含急性剧毒！记者调查“炸包”玩具售卖漏洞",教育
"【#东南大学回应发复试通知又取消#：系统出现问题，以官网复试名单为准】3月26日，江苏南京。一考生晒出自己收到多条东南大学关于研究生复试名单的通知，短信内容显示，10：38分通知“你已经进入东南大学马克思主义学院2024年硕士复试名单”。10：57分通知“分数线最低385分，刚因为系统操作原因误发了短信。以此短信为准”。网友评论：太离谱了，空欢喜一场。
东南大学马克思主义学院院办工作人员回应称，当时系统有点问题，没有进行固定的选项，十多分钟之后又发了一条短信补救。马克思主义学院复试分数线385分。对收到失误短信的同学表示抱歉。一切以官网上公布的复试细则和复试名单为准。#芝士热亿点# @白鹿视频   
考研
  
白鹿视频的微博视频",教育
"【广东惠州#15位小伙成立男生上门做饭公司#：“做这份工作还是很开心的”】广东惠州，90后小伙邬方定曾摆过地摊、送过外卖也学过厨师，2023年一月份开始，他和14名小伙伴组团全职做上门厨师。在正式上门之前，他会把自己的健康证和体检报告传给客人，上门时戴好手套、口罩和头套，走之前也会将厨房打扫干净。邬方定说，荤菜定价40素菜定价25，最贵一次做了两千元，“做这份工作还是很开心的”。#职向未来# @大米Video 
大米Video的微博视频",教育
"【双向奔赴的师生情！#高三学生写歌为班主任送生日惊喜#】3月25日，黑龙江大庆。高三学生写歌为班主任送生日惊喜。李同学称，当时想给老师惊喜，有同学就写出歌来，找来班里唱歌好听的排练三四次就成型了，还找了老师之前带的几届学生录了视频，班级氛围特别好，老师也被感动哭了，因为老师平时对同学特别好，是最负责的老师，所以想着能回报一点是一点。#加油高考# @搜狐千里眼 
大庆
 
搜狐千里眼的微博视频",教育
"【福建跳楼自杀女生妈妈痛诉：霸凌者不止一人，女儿多次给霸凌者转账】#跳楼自杀女生生前多次给霸凌者转账#近日，福建晋江灵水中学一女生跳楼自杀，自杀前给妈妈留遗书，称遭同学霸凌，下辈子还做妈妈的女儿。3月26日，女生妈妈称，女儿还不到13周岁，平时很活泼。霸凌女儿的不止一人，查到她多次给一个霸凌者转账。#福建一女生长期遭同学霸凌跳楼身亡##芝士热亿点#  
时间视频的微博视频",教育
"【#新疆高三学生放学后跳起民族舞#】3月24日，新疆阿勒泰，周五放学时同学们一起开心跳民族舞，因为没有音乐，他们还自己口头配乐。网友：这才是青春该有的样子！#加油高考# 
闪电新闻的微博视频
 ",教育
"【注意！这些儿童心理问题常常被忽略】#你了解儿童抑郁症吗# 据专家介绍，目前我国最常见的儿童青少年心理问题为：多动症、焦虑、对立违抗、抑郁症和抽动症。由于儿童和青少年处于特殊身体发育阶段，心理问题常被忽略，如儿童焦虑抑郁常被认为是青春期叛逆，过段时间就好了。专家呼吁，对儿童青少年的心理问题要早期识别，早期干预。（央视）#我的孩子怎么会得精神疾病呢##你好我的小孩# 
人民日报的微博视频",教育
"近日，北大六院精神科医生林红在接受@三联生活周刊 访谈时谈到大多数家长对精神卫生的耻感：#我的孩子怎么会得精神疾病呢#？家长总认为，孩子只是意志力薄弱、不听话，甚至装病。还有人觉得，“小孩有什么心理问题，就是惯的、欠揍。”但在林红看来，“实际上孩子他有很深的痛苦，却完全被成年人的世界忽略了。”#你了解儿童抑郁症吗# #你好我的小孩# 
 
网页链接",教育
"【#九岁男孩用饮料瓶做三级水火箭#，老师：希望孩子们都能找到一生的热爱】近日，一段九岁男孩制作水火箭成功发射的视频走红网络。视频里，一支比男孩还高的水火箭顺利升空，一旁的男孩欢呼雀跃，兴奋不已。指导男孩的科学老师王印告诉@021视频 ，他们发射了一支一级和一支三级水火箭，制作一支水火箭可能需要一天的时间，但在开课之初，他们也经历过几十次的失败，看似简单，做起来并不容易。他希望通过这些更有实践性的活动，帮助孩子们找到此生的热爱。#你好老师# 
021视频的微博视频",教育
"【#女儿为去世妈妈写20万字重生文#】#理工夫妻靠写网文过上自由人生#上海，上大学时，宋象白经历了人生至暗时刻——妈妈去世，为了自愈，理科生的她写出20万字重生文，回到妈妈去世前。之后十多年，她从小白一步步变成网文大神，还和丈夫一起成为写手……如今，夫妻俩仍在继续写作，宋象白说，读者把她的文字当成大人的“童话”，获得一些放松，觉得挺开心。#职向未来#  
燃新闻的微博视频",教育
"#成都新都就语文测试材料不良影响成立调查组#【成都新都区通报“初三年级语文测试阅读材料内容影响不良”：相关教研员及区教科院院长停职】#芝士热亿点# 据新都发布昨日发布的《情况通报》，近日，新都区初三年级语文测试中，现代文阅读材料造成不良影响。新都区已成立联合调查组进行全面调查，对相关教研员及区教科院院长予以停职，并将根据调查结果、依据相关规定对相关责任人员进行严肃处理。
成都市新都区联合调查组
2024年3月25日",教育
"#我的孩子怎么会得精神疾病呢#【#童年抑郁之痛#大多数家长觉得就是孩子意志力薄弱、不听话，这也涉及到大多数家长对精神卫生的耻感：我的孩子怎么会得精神疾病呢？】北大六院精神科医生林红在接受《三联生活周刊》访谈时谈到家长可以从两方面识别孩子是否抑郁：“家长要关注孩子的情绪和社会功能。”#你好我的小孩#林红提到，一些孩子间歇性不想上学，在家发脾气，甚至出现躯体症状，一到周日晚上，就头疼、眼睛疼、牙疼、脖子疼、脚后跟疼、低烧等，家长总认为，孩子只是意志力薄弱、不听话，甚至装病。林红会开玩笑，“你装一个试试”。还有人觉得，“小孩有什么心理问题，就是惯的、欠揍。”
但在林红看来，“实际上孩子他有很深的痛苦，却完全被成年人的世界忽略了。”@三联生活周刊  
三联生活周刊的微博视频",教育
"【#华科学生合唱上春山好惊艳#】近日，@华中科技大学 合唱团的同学们在教学楼开展快闪活动，合唱《上春山》。网友：这是青春独有的浪漫！#微博开学季#  
中国青年报的微博视频
 ",教育
"【#班主任连续9年考前为学生煮鸡蛋#：希望能让大家减少考试焦虑
】#微博开学季# 3月23日，河南周口。班主任考前为学生做红烧肉和煮鸡蛋。班主任彭老师称，上初中的女儿说想吃红烧肉，考虑到班里很多孩子的父母都在外务工，给一个人做也是做，就买了200块钱的肉，给全班50多名学生也做了一份红烧肉，并发了10斤鸡蛋和香蕉，每次考前都会给孩子们煮鸡蛋，已经第9年，送出去有8000多个，为了给他们考前加油，减少焦虑。@搜狐千里眼 
周口
 
搜狐千里眼的微博视频",教育
"【#大学生借书发现67年前书签#】#藏在物理书里的浪漫67年后被发现#近日，浙江杭州。@浙江大学 学生赵文楷从图书馆借书，发现书中有一枚写于1957年的精美书签，上面写着“赠给好友 周净秋”。赵文楷是2022级物理学院本科生。经校友总会查询，“周净秋”可能是1960级物理系本科生。（浙江日报）#微博开学季#  
人民网的微博视频",教育
"【心灵手巧！#小孩哥才是学生届技能顶流吧#】#初三男生课余做手工编织成网络爆款# 近日，安徽六安。男孩利用课间时间做手工编织，给自己赚零花钱。视频发布者李老师表示：这个男孩平时就心灵手巧喜欢做手工，利用课间做一些手工，只要不影响学习，自己也会鼓励学生发展爱好。#你好我的小孩# 
麦穗视频的微博视频",教育
"【#高位截瘫男子备考2年通过法考# 加油！】近日，江苏镇江高位截瘫考生马长迪，收到了《法律职业资格证书》。大学毕业那年，因一场意外，他不幸高位截瘫，颈部以下都不能自主活动。在经历迷茫后，他重拾信心，找到了法考的方向。
未来，马长迪希望能够用自己的法律知识，帮助更多残障人士，希望自己的经历，能够让处于困境中的人拥有面对困难的勇气。#决战法考##职向未来# 
中国之声的微博视频",教育
"【#初中生免三考直接读985本科硕士#】3月24日河南郑州，15岁初中生免三考直接读985本科硕士，考进C9少年班，还会参加中考和高考练就心态和意志，少年语言坚定、不怕困难，谈吐、思维不像这个年龄。#学霸带带我# （大参考） 
新浪河南的微博视频
 ",教育
"【#儿子骄傲讲述55岁聋哑母亲的故事# 】 湖南常德，55岁的刘婷婷从小因药物过敏导致失聪，参加工作后，在同事们的帮助下学会理发。20年间，她骑着电动车，为周边十多个社区的孤寡老人免费理发，还将自己的手艺免费教给50多位听障人士。儿子张传松说，每次看到老人满意的笑容，“我妈妈也会很高兴”。#职向未来#  @大米Video 
大米Video的微博视频",教育
"【#鸭总裁一声哨小黄鸭们迅速集合#】3月23日，广东。在男子“鸭总裁”的一声“集合”令下，成群的小黄鸭上一秒还在悠闲散步，下一秒东倒西歪地迅速来集合，像极了动画片中格鲁给小黄人们开会。#训练有素的小黄鸭听令集合太萌了##微博开学季# @西部网 
西部网的微博视频
 ",教育
"【坐公交上学忘带钱，#司机帮付车费小孩哥还钱敬了一个礼# 】3月18日，武汉罗家嘴停保场公交站，一小学生等507路公交上学，发现自己没带公交卡和零钱。司机罗文军从上衣口袋掏出2元零钱，替小男孩付了车费。3月20日下午放学时，小男孩和奶奶一起绕道来到507路起点站，找到罗文军归还了2元车费，小男孩还郑重地举起右手敬了一个少先队队礼。 #你好我的小孩##微博开学季#  @长江日报 
长江日报的微博视频",教育
"【幸福在此刻开始具像化！#宝妈睡醒后看到父子俩在厨房做饭#】3月24日，山东青岛，女子睡到自然醒后，看到丈夫和孩子在厨房默契配合做土豆饼，吴女士说：“他俩在厨房一个削土豆，一个切土豆，因为平时孩子爸爸做家务做的比较多，孩子也是耳濡目染，经常跟着爸爸一起做饭做家务，我觉得爸爸就是孩子最好的榜样。”  #你好我的小孩# 
潇湘晨报的微博视频",教育
"#中国留学生称有人在俄炒卖防弹衣#【#莫斯科恐袭后当地人不敢坐地铁公交#】在留学生的圈子里，恐惧的情绪正在蔓延。大家担心起各自的安危。微信群里有人说，明天是不是要停课了；有人说，接下来先不出门了，不敢拿自己的命来赌；还有人说，地铁内的警察已经全副武装，换上三件套，手枪、头盔、防弹衣。学校也发出了通知，让学生们减少非必要的外出。
23日中午，留学生李远平所在的聊天群内出现了让他觉得奇怪的东西——有人做起了生意。他记不清是谁带了一句头，“出门要背着国旗。”10分钟后，就有人在群里丢出了购买链接，卖519卢布，折算下来大概40多元人民币。在之前，价格基本是25-30元人民币左右。
更让他意外的是，还有人卖起了防弹衣。在俄罗斯持有枪支是违法行为，但李远平知道，这个国家对黑市的监管并不强，有心人还是有办法能买到。只是，在恐怖袭击刚过去的当下，防弹衣并不适用于所有人。
到了下午，李远平因为工作还是出了房门。他发现，莫斯科打车的价格涨了。恐袭带来的连锁反应是，当地人不敢乘坐地铁公交，于是外出最便捷的出租车和网约车成了唯一选择。“平均下来每单多了10-15元人民币”，这在当地可以吃上一顿汉堡餐。
街上空空荡荡的，原本李远平乘坐地铁的车站会在周末和上下班高峰挤满了人，但今天，他数了下，“不超10个人”。#芝士热亿点#@时代周报  
莫斯科惊魂24小时，恐惧蔓延街头：当地人不敢坐地铁，有人炒卖防弹衣",教育
"【#高中生们考试小学生霸王龙行走去上厕所#】#老师要求安静小学生集体慢放动作# 近日，在重庆，学校高中部的学生正在考试。老师叮嘱小学生们要安静，小学生们集体“偷偷摸摸”上厕所。（中青网）#微博开学季#  
新华网的微博视频
 ",教育
"【🐟西周鲤鱼尊：#2800年前的猪鲤#】尊，并不罕见，但鲤鱼形状的尊却少之又少。1988年，陕西省宝鸡市茹家庄窖藏就出土了一件西周时期的鲤鱼尊，是我国首次发现的立体鲤鱼造型青铜器，现藏于宝鸡青铜器博物院。鲤鱼尊的设计别出心裁，身体肥硕却比例协调，好像正在悠然游动。作为盛酒器。因为腹内中空，酒水可从鱼背处带盖的长方形尊口注入，开启的鱼口又可将酒水倒出，可谓实用价值拉满！#未知行走实验室# @陕视新闻 
陕视新闻的微博视频",教育
"【杭州体育中考今日开考】 今天一早，杭州体育中考首轮考试正式开启。今年，体育中考恢复到疫情前大家所熟知的“6选3”模式，除中长跑回归必考项目之外，跳绳项目也有重大变化——考生需自备跳绳，绳子材质、长度、粗细、重量不限，颜色上以深色为宜。孩子考试家长们也操碎了心，考点外，操场边上的围栏边，早已“长满”了伸着脖子往里望的家长们，想要找到自家孩子的身影，还有老师拿着喇叭给学生们加油鼓劲。祝所有考生取得满意的成绩！#杭州体育中考考点围墙上长满了家长##微博开学季# 
中国蓝新闻的微博视频",教育
"【#都选C的试卷终于出现了#】3月19日，河北。最早一批“00后”老师走进课堂后，都选C的试卷出现了。老师表示，出这样的试卷是为了想让学生们知道，生活处处都有坑，相信自己才是最好的。#微博开学季#  
人民视频的微博视频
 ",教育
"【#中国留学生亲历莫斯科恐怖袭击#：他们用俄语告诉我开枪了】当地时间22日晚，俄罗斯莫斯科州红山区“克罗库斯城”音乐厅遭恐怖袭击。袭击发生时，中国留学生陈一鸣（音译）就在附近。
接受记者采访时，#中国留学生讲述莫斯科恐袭逃生经历#，他提到：“刚开始我听到了鞭炮一样的声音，但不知道发生了什么。后来看到很多人在跑，周围人用俄语告诉我有人开枪了。我们现在撤到了离商场约700米的位置……”详↓↓注意安全！#芝士热亿点# 
央视新闻的微博视频",教育
"【#女孩耗时一月做出惊艳玻璃簪花#】#拥有了一朵不会凋谢的簪花#  福建泉州，95后女生陈墨大学学的工艺美术，被灯工玻璃技艺吸引，6年间制作出上千件作品。近日，她用一个月，做出了一个玻璃簪花围，上插200多朵鲜花，成品晶莹剔透，颜值惊艳。陈墨说，作为泉州妹子，“希望能够碰撞出更多作品”。#职向未来# @大米Video 
大米Video的微博视频",教育
"【有意义！#学弟学妹做知识点面包送专转本学长学姐#】近日，江苏食品药品职业技术学院食品学院的大学生们，做了200余片哆啦A梦同款“记忆面包”，送给即将参加专转本考试的学长学姐们。这些面包上印有函数、斜率等基础学科的知识点，以及食品的成分、营养价值等专业考点，和对学长学姐们的美好祝福。考生孙宁说，知识点面包很特别，不仅品尝到了美味也感受到学弟学妹们对自己的加油和鼓励。#微博开学季# @贰河视频  
贰河视频的微博视频",教育
"【唏嘘！#北大研究生立遗嘱财产全部赠母校#】据上海法治报3月21日消息，小胡从小父母离异，一直跟着父亲和爷爷奶奶一起生活，亲生母亲从没照看过自己。多年后，疼爱自己的父亲与爷爷奶奶相继离世，小胡一直无法走出，并患上了严重的抑郁症与双向情感障碍，住院治疗，亲生母亲也没来医院看望。小胡靠着自己的努力考上了北大的研究生，学校的老师和同学们给了他很大的帮助，他在订立遗嘱时，希望将所有财产捐赠给母校，排除母亲与其他亲属继承的可能性。据2023年度《中华遗嘱库白皮书》，#90后00后立遗嘱人数明显上升# ，和中老年人群立遗嘱有所不同的是，他们立订立遗嘱的原因主要是“避免财产下落不明”；另外，他们还将自己的“虚拟财产”也纳入遗嘱范围。#教育聊一聊# @河畔视频 
河畔视频的微博视频",教育
"#被规培困住的医学生#【#规培生陀螺般运转收入不过三千#】据@时代周报 报道，一群踏入“规培”的医学生，近日接连成为热点。规培的全称，是住院医师规范化培训。按照《关于建立住院医师规范化培训制度的指导意见》，医学专业的毕业生在完成5年本科医学类教育后，需要在培训基地接受规范化培训，为期3年，身份是住院医师。在大多数医学生的口中，这是成为职业医师的唯一通道。
规培的影响不止于此，尤其是专硕并轨规培的医学生（指临床医学专业学位的硕士研究生），他们一方面在医院规培轮转，受医院管理，而另一方面，他们本质还是硕士学生，归学校管理。他们的目标明确：拿到规培证、执业医师资格证，通过考试获得学位和毕业证，以“四证”摘下学生身份——任何一环出现问题，都有可能影响毕业。
决定规培生命运的，是一张规培证。为了得到这张证，规培生们得不断努力。更现实的情况是，如此努力，换来的是一份微薄的收入。自诩为“服务员”的邹雪娇，收入只有不到三千元。刨去日常开销，每月都需要靠父母的支持才能“活下来”。华羽萱收入更少——每月1500元，如果通过职业医师资格考试，有600元补贴，加夜班也有补贴30元，“但这能干什么？”#教育聊一聊#如果说高压、低收入是规培生的表象困难，那更折磨他们的是模糊身份。四川永祥律师事务所律师彭西冲表示，从目前的法律法规来看，规培生与医院间的劳动关系模糊。由此暴露的弊端是，过度保护医院权利，而加重被规培者的义务。长此以往，将不利于医疗人才的培养。情理、法理绊住了规培生。这让规培生们时不时陷入“无意义”的情绪里。↓↓↓ 
一群被规培困住的医学生：写不完病历，忙不完打杂，收入不过三千",教育
"【#00后小伙老年大学代课被爷爷奶奶治愈#】#大学生去老年大学代课被介绍对象# 江西南昌，00后的蔡明杰是南昌大学的一名音乐生，偶然的一次机会，他开始在老年大学代课，教爷爷奶奶唱歌。一年多来，他和这群“特殊”的学生相处得很开心，课后还被他们介绍对象。蔡明杰说，因为是一个人在外地读书，爷爷奶奶把他当自己孩子看待，“觉得他们也是我的亲人”。 #一起上大学# @田野视频  
田野视频的微博视频",教育
"【#央视网再评校园霸凌# ：#学校不能在校园霸凌案中当和事佬# 】在校园霸凌事件中，学校的角色是特殊的，发挥着关键性的作用。面对校园霸凌行为，其态度、反应、措施具有直接又鲜明的导向意义。梳理近年来见诸媒体的校园霸凌案件，我们遗憾地发现，相当一部分学校在“裁判”时表现是不合格的，有时甚至是令人悲愤的，担不起“立德树人”的使命。不少学校习惯性地大事化小、小事化了，总是寄望于在学校“内部消化”。但事实上，众多的校园霸凌行为、事件乃至案件，学校循着强行“内部消化”思维是消化不了的。#芝士热亿点# 
“家丑不可外扬”这样陈旧的观念该转变了，“霸凌不存在，就是孩子间打闹”这样的老思维该革新了。学校在实践中更要把之前欠在教学管理内容上的“功课”补上。
相对于事后的惩罚，事前的预防才是基础和根本。在德与法之间，法律是准绳，道德是基石。学校要立德树人，以德育人。学校管得了，就要严管厚爱；学校管不了，那就该用法律维护学生的权益、维护学校的名誉。在涉及校园霸凌问题上，学校作为第一责任人，有责任有义务也有条件展现更大的作为。 
学校不能在校园霸凌案中当“和事佬”——“对校园霸凌动真格”之二",教育
【最高检：#未成年人犯故意杀人等重罪要依法追究刑责#】#最高检谈未成年人故意杀人等严重犯罪# @最高人民检察院 日前表示，要加强未成年人检察工作，坚持对侵害未成年人犯罪“零容忍”，深化综合履职，以检察司法保护促进“六大保护”，合力为未成年人健康成长撑起法治蓝天。要高度重视未成年人犯罪预防和治理，对未成年人实施的故意杀人、故意伤害，致人死亡等严重犯罪，符合核准追诉条件的，要依法追究刑事责任。积极协调推动专门学校建设，健全罪错未成年人分级干预机制，加大教育矫治力度，携手各方坚决遏制未成年人犯罪高发势头。#芝士热亿点# （@人民日报 记者张璁）,教育
"【#六旬大爷三战考研成绩暴涨278分#】天津，60岁王大爷连续3年考研，从61分提升到339分。王大爷大学毕业后当了一名工程师，现在年纪大了，还是想继续提升学历。从2021年开始，他每天备考一两个小时，因为这次英语成绩不理想，已经开始备考明年，“今年要彻底征服英语”。#下一站是上岸站# @大米Video 
大米Video的微博视频",教育
"【#雅思可以单科重考了#】据@雅思官方微博 消息 今年4月26日，雅思机考单科重考将在中国大陆地区开放报名，首考日期5月6日。考生可以从北京、上海、广州、重庆四城的英国文化教育协会办公室考点中选择最方便的地点参加雅思机考单科重考。#微博开学季# 
雅思推出单科重考 出分当日可获取电子成绩单
 ",教育
"【#清华大学巅班班名引争议# 教务处：巅班培养颠覆性创新人才】近日，北京。清华大学设立“颠覆性创新人才培养计划”，成立虚拟“巅班”，该班级名称引争议。网友评论称，以为是在玩梗，学校挺会紧跟热词。#清华大学回应巅班名称争议#  清华大学教务处工作人员回应称，清华大学确实有这样的育人项目，项目名称是“颠覆性创新人才培养项目”，所以班级名叫“巅班”。#一起上大学# @白鹿视频 
北京
 
白鹿视频的微博视频",教育
"【#成都校园欺凌生中考最后投档# 不得推荐为指标到校生】3月20日，成都市招考委、成都市教育局印发《2024年成都市高中阶段学校统一招生考试工作实施规定》，明确考生初中期间有校园欺凌等行为的，不得推荐为指标到校生，并在录取中最后投档。#教育局回应校园欺凌生最后投档# ：该项内容此前就有，校园欺凌行为将根据公安局的调查决定。#芝士热亿点# @四川观察 
四川观察的微博视频",教育
"【#90后大开脑洞让甲骨文动起来#】#甲骨文重生之我在西游记里当猴# 北京，5个热爱传统文化的90后，历时一年多，做出300个会动的甲骨文“小人”，还让它们演起了短剧。小人们动作狂野又魔性，网友看完表示：突然就学会了甲骨，小学生粉丝们，还会自发创作甲骨文图画来催更。成员黄丽洁说，希望通过这种好玩的方式，让甲骨文学习变得“稀松平常”。#职向未来#  @大米Video 
大米Video的微博视频",教育
"【#全国教育辟谣平台上线#】据教育部网站 消息 3月21日，全国教育辟谣平台（
全国教育辟谣平台
）正式上线。平台是教育领域发现谣言、查证谣言、澄清谣言的权威渠道，将依托全国网络辟谣联动机制，与中国互联网联合辟谣平台、中央重点新闻网站和地方区域性辟谣平台、门户网站以及地方教育主管部门、高校等协同联动，构建对教育领域网络谣言“联动发现、联动查证、联动辟谣”的工作模式，积极助力营造教育领域清朗网络空间。
全国教育辟谣平台设立“五台一榜”，包括曝光台、回应台、提醒台、学习台、查证台和辟谣榜，对各类教育谣言及时辟谣、实时曝光。曝光台及时发布教育领域各类辟谣信息；回应台聚焦教育权威部门热点舆情回应信息；提醒台集纳预警提示信息，帮助公众精准识谣；学习台收录有关加强网络谣言治理的政策举措、新闻动态等；查证台以“校园安全”“校园管理”“教材课程”“考试招生”“学科专业”等关键词对谣言分类，方便公众查证；辟谣榜精选关注度高的教育辟谣信息，以图片或短视频形式进行月度、年度发布。
全国教育辟谣平台由中国教育新闻网承办。除中国教育新闻网开设专区外，教育部政务新媒体微言教育、中国教育发布客户端及中国教育报微信、微博、客户端等也将同步开设专栏，重点推送各类辟谣信息。#教育有料#",教育
"【#老师用1瓶水教学生如何面对校园霸凌#】近日，山东威海。班主任在课堂上用一瓶水教学生们在面对校园霸凌时要勇敢说出来，受到暴力时第一件事就是“开口”！#你好我的小孩##向校园霸凌说不# @威海播报 
威海播报的微博视频
 ",教育
"【#00后女生毕业后返乡当牛倌#】#毕业后返乡养牛是什么体验# 近日，安徽合肥。00后女孩高豪杰大学毕业后，选择回村搞养殖，从学校毕业后就回乡创业的她，现在已经成为了一名不折不扣的牛倌。每头牛叫什么、要怎么搭配出它们最爱吃的饲料、如何给牛接生，高豪杰都了然于胸。大多数同龄人都选择奔赴城市打拼的年纪，高豪杰却日夜停留在家乡的一方牛棚。#职向未来# 
麦穗视频的微博视频",教育
"【有梦的人会发光！#坐扭扭车参加高考的安徽男孩获奖了#】近日，安徽芜湖。“扭扭车男孩”张亮从小患有“脆骨症” 失去独立行走的能力，2022年他以535分被安徽工程大学录取。近日，在第十七届安徽省大学生职业规划大赛暨首届全国大学生职业规划大赛安徽赛区决赛中，张亮以《玉骨淬火 百炼成钢》为题荣获该赛事成长赛道（高教组）二等奖。张亮表示，他希望自己将来成为一名人体智能外骨骼领域社会企业家，依靠自己的专业知识和自身实践，用智能化装备帮助更多伤残人士。“希望可以通过我的努力，去解决一些弱势群体切实存在的问题，给大家树立一个优秀的榜样”。#扭扭车男孩计划研发智能装备帮助伤残人士##职向未来# @光芒视频芜湖
 
光芒视频的微博视频",教育
"【#2024高考时间公布#】#加油高考# 近日，教育部印发《关于做好2024年普通高校招生工作的通知》，对2024年普通高校招生工作作出部署。通知发布了高考全国统考时间为6月7-6月8日。#2024年全国高考时间确定#《通知》要求，2024年普通高校招生工作要以习近平新时代中国特色社会主义思想为指导，深入贯彻落实党的二十大精神，全面贯彻党的教育方针，贯彻中央经济工作会议精神，坚持稳中求进工作总基调，统筹扩大内需和深化供给侧结构性改革，围绕服务教育强国建设，在转方式、调结构、提质量、增效益上积极进取，进一步深化改革创新、加强规范管理、维护公平公正，确保考试招生工作安全平稳有序。
《通知》重点强调了五方面工作要求。
一是建立完善高水平考试安全体系。要求各地各校全面落实主体责任，完善健全各类突发事件应急处置机制和预案。强化部门协同配合，严格考试组织管理，开展手机作弊专项治理。深入实施“高考护航”行动，加强治安、交通、卫生防疫、噪音治理、心理辅导等多方面综合服务保障。
二是大力促进入学机会公平。严格招生计划管理，继续实施国家支援中西部地区招生协作计划、重点高校面向农村和脱贫地区专项计划，做好随迁子女在流入地参加高考工作。严格开展报名资格审核，严厉打击“高考移民”。
三是稳步推进高校考试招生改革。深化高考综合改革，全力做好吉林等第四批改革省份新高考落地各项工作。深化考试内容改革，落实立德树人根本任务，构建德智体美劳全面考查的内容体系。统筹做好强基计划等拔尖创新人才选拔培养工作，加强选拔、培养、评价一体化建设。精心做好艺术体育类招考改革落地工作。加强教考衔接，完善“文化素质+职业技能”的职教高考制度。
四是严格规范招生录取管理。要求各地落实监督管理责任，加强对报名、考试、录取全过程监督。严肃招生工作纪律，加强招生信息公开，加大违规查处力度。
五是优化考试招生宣传服务。加强高考宣传，做好信息发布、政策解读和温馨提示等工作。坚持正确育人导向，进一步完善和规范高考成绩等发布工作，推动全社会树立科学的人才观、成才观、教育观。加强志愿填报咨询服务，为考生和家长提供多渠道公共服务。",教育
【今日春分】①北京时间3月20日11时06分迎来#春分#节气。②当太阳到达黄经0度，春天的第四个节气春分到来，标志昼夜平分，#春分是整个春季中的C位节气#。③“九九加一九，耕牛遍地走”指的就是春分时节。④春分到了，真正气象意义上的春天也就到了。一年之计在于春，春分到了，大家该努力起来咯 @新华社,教育
"【#情商这一块真是天生的#】3月18日，山东潍坊。4岁半哥哥写字不认真被批评，2岁半弟弟一边抱紧哥哥，一边暖心安慰，从现实到理想句句到位，网友：情商这一块真是天生的～#你好我的小孩#  
闪电新闻的微博视频
 ",教育
"【她好像会发光！#90后女孩成了66位老人的妈妈#】#敬老院工作15年被老人喊仙女#，四川阿坝州，“仙女”是一位90后藏族女孩格西王姆。格西18岁进入马尔康市敬老院工作，从一线护理员到敬老院院长，至今已经15年。敬老院里66位老人，大多是无儿无女的特困老人，但在格西的照顾下，老人们的脸上总洋溢着灿烂的笑容。除了悉心照顾老人们的衣食住行，格西也照顾着老人们的精神世界，手指操、经络操、流行歌曲、螺蛳粉......格西总会带着老人们尝试新鲜事物。敬老院里的老人会喊格西“仙女”，也有老人说格西像妈妈，是敬老院里的家长。格西说：我6岁时父母意外去世，我是在民政部门的关爱下长大的，我选择把收到的爱回报给老人们，敬老院就是我的家。#新青年职业图鉴# 
白鹿视频的微博视频",教育
"#春分##四川一学院放春假鼓励学生赏花恋爱#“三月，春意渐浓，各地的花儿竞相开放。@四川西南航空职业学院 发布的“泛美春假”通知引发网友羡慕之情。据四川西南航空职业学院老师表示，学院鼓励学生去赏花去恋爱，是希望学生们能有更多时间走出校园，揽万里山河胜景，并借此机会多多社交。#微博开学季# 
新京报教育新闻的微博视频",教育
"【不用参加中考高考考研，#15岁双胞胎同被西交大少年班录取#】在课外，他们过了钢琴十级，又都是篮球爱好者；在课内，他们紧跟老师，学习上互相帮助，经常因为答案意见不合，争执很久，3月19日，极目新闻记者从湖北省水果湖第二中学获悉，该校九年级双胞胎兄弟阮国航、袁国翔，同时被@西安交通大学  少年班录取。据悉，此次西安交大少年班选拔，该校共有3人被录取，全省共有7人被录取。#学霸带带我# 
极目视频的微博视频",教育
"【#律师谈13岁男孩性侵8岁女童不追刑责#】近日广东清远一名8岁女童被一名13岁的男孩性侵，当地警方做出不予立案的决定。律师@蔡雅奇刑法 表示，我国对未成年人犯罪的立法政策是以教育为主惩罚为辅。但是随着现在未成年人身心发育的不断成熟，未成年人犯罪现象更要警惕。#教育聊一聊# @陕视新闻 
陕视新闻的微博视频",教育
"【别人家小学~#山东一学校惊现4层楼高视力表#  】#这所小学为保护孩子视力太拼了# 近日，山东济南。高11米，宽3.6米，孩子们进学校第一时间就能看到一个巨大的视力表，站在测试点可以随时检测视力，提醒孩子们一定要注意保护视力。 #微博开学季# 
齐鲁电视台的微博视频
 ",教育
"【#90后老师用游戏教导学生远离霸凌#】近日，广东佛山。90后小学老师用石头和干脆面做游戏道具，教导学生在遇到校园霸凌时要勇敢对施暴者说“不”，并勇敢将自己的经历告诉家长和老师，并且老师表示，不仅不能成为被欺凌者，也一定不能做施暴者！网友：#零容忍校园霸凌让所有孩子被温柔以待#！#向校园欺凌说不# @未来网 
未来网的微博视频",教育
"【想去！#95后女生入职养猪场做猪保姆#】#原来真有母猪的产后护理# 近日，云南红河。95后女生入职养猪场做猪保姆。她在养殖场工作已接近两年，家人最开始并不支持这份工作，但她认为年轻人选择自己喜欢的职业就好。 视频发布者周女士表示：自己本身就很喜欢这些动物类的，每天就跟他们接触，反而觉得工作更轻松了，就觉得更快乐一些，就是还工作的蛮开心的。#职向未来#  
麦穗视频的微博视频",教育
"【#北大回应考生与前校长蔡元培同名# ：确实很巧合 一切会按流程办事】3月18日，北京大学国际关系学院官方公众号公布“2024年硕士（内地学生）复试公示名单”，其中排在第一行的考生名为“蔡元培”，该生与近代民主革命家、教育家、科学家、北京大学第14任校长蔡元培同名。此事引发网友热议，立刻登上热搜榜。19日，北京大学研究生招生办老师回应称，确实很巧合，一切会按流程办事。#芝士热亿点# 
冷暖视频的微博视频",教育
"【北京2024年中招政策发布】3月19日，北京市教委发布《关于做好2024年高级中等学校考试招生工作的意见》，明确2024年继续实施初中学业水平考试，将初中毕业考试和高级中等学校招生考试“两考合一”。与2023年相比，中招考试科目不变，录取总成绩增至670分。#升学不惑# #微博开学季# 
北京2024年中招政策发布
 ",教育
"【#90后青春高马尾10后青春鲶鱼须#】近日，北京一所中学，老师晒出学校女生发型审美，竟是“鲶鱼须”盛行，整齐的仿佛全国统一，也让老师绷不住了
……爱美之心，人皆有之，学生时代的审美总是大同小异。每个年代的学生都有属于自己的审美，对此你怎么看？#微博开学季#  @陕视新闻  
陕视新闻的微博视频",教育
"【#考过了武大的研究生却没考过电动车考试#：#武汉大学的电动车考试又开始了#】近日，武汉大学开展共享电动车骑行训练营，学生只有申请参加校园骑行培训且经考核合格后才能获得共享电动车校园骑行权限。考核过程中，学生需绕桩骑行，且双脚不能落地。如若考核失败，可在培训时间内继续练习，确保每一位学生学会骑车并通过考核。 现场培训员告诉@九派新闻，此举是为了提高新生的交通安全意识和文明骑行技能，学生需要这样的培训。#一起上大学#  
027见闻的微博视频",教育
"【#大学生兼职带妹妹去20个城市旅行#：让她长见识，弥补我童年的遗憾】3月18日，山东济南。大三学生许同学兼职挣钱，带小学一年级的妹妹去旅行开眼界，已到过11省20个城市。许同学称，从去年4月15日开始，开启了带妹妹旅行的第一站，到现在为止带她去了11个省20个城市，带着妹妹去感受外面的世界，增长她的见识，同时也是弥补他自己童年的遗憾。#未知行走实验室# @西部决策 
西部决策的微博视频",教育
"【
最新！#教育部发布24种本科新增专业#】#本科新增智能视觉工程专业#今天，教育部发布2024年普通高等学校本科专业目录，其中新增24种本科专业↓↓2024年起即可进行高考招生。#加油高考# 
24种新专业包括：
大功率半导体科学与工程、生物育种技术、电子信息材料、智能视觉工程、智能海洋装备、中国古典学、健康科学与技术、体育康养、国家安全学、海外利益安全、足球运动、马术运动与管理、汉学与中国学、应用中文、农林智能装备工程、材料智能技术、软物质科学与工程、稀土材料科学与工程、工程软件、咖啡科学与工程、交叉工程、生态修复学、内部审计、冰雪舞蹈表演。（总台央视记者高晨源）",教育
"【#男孩学校遭霸凌父母讨说法被踢出群#，教育局：会去处理
】3月19日，广东佛山。网传二年级男孩被同学霸凌半年，写字时突然大哭。据孩子父母发布的截图显示，孩子从上半年就被各种霸凌欺负，身上有伤口。最近自己忍无可忍发到班级群理论，随后被管理员踢出群。对此，#教育局回应男孩遭同学霸凌半年#，已经知道此事，家长打来了电话，负责的同事下午就会处理此事。#芝士热亿点# @搜狐千里眼 
佛山
 
搜狐千里眼的微博视频",教育
"【#派出所回应一男生被多人辱骂殴打#】#山东多名男生往一男生嘴里塞垃圾#3月18日，山东临沂。网曝兰山区有多名男生对一男孩拳打脚踢、用树枝抽打以及辱骂。男孩头部遭到多次踢打，鞋子被脱下抛开，嘴里被强行塞草，失声痛哭。派出所工作人员称：“打人者已经被抓，全部在派出所里，被打男生身体没大事。”#芝士热亿点# @猫头鹰视频 
猫头鹰视频的微博视频",教育
"【#女孩拼2年考研上岸一学期后退学# 与就业预期不太相符，是权衡利弊后的决定】近日，山东青岛。一女孩李同学（化名）花两年考研上岸上了一学期后选择退学引发关注。据其介绍，2022年考武汉大学进复试被刷，二战又进入复试被刷，调剂到天津一所高校，这所高校比她的本科学校差一点、与考研意向学校差距更大，当她带着好奇和憧憬到学校后，发现与就业预期不太相符，只读了一个学期后选择退学。她说循规蹈矩、一眼望到头的生活和工作，不是她所追求，退学是权衡利弊后的决定，未来也不会放弃学习，有机会的话会选择其他专业继续深造。（半岛全媒体记者 陈亚梅） #芝士热亿点# 
半岛都市报的微博视频
 
考研",教育
"【引发全网热议！#带火天水麻辣烫的人也是大学生#】#大四女大学生带火天水麻辣烫#近日，甘肃天水麻辣烫火爆出圈，不少网友纷纷表示要去天水品尝体验麻辣烫美食，引发全网热议。
3月18日，带火天水麻辣烫的女生发布接受采访的视频，视频中她称自己是一名大四应届生，对于网友留言希望自己能作为天水麻辣烫宣传推介大使一事，她表示“如果家乡需要我的话，我肯定是义不容辞的，其实这不仅是我一个人的想法，我相信这更是每一位在外天水人的真诚心愿”。
此前，2023年淄博烧烤也因大学生推介火爆出圈，随后淄博也因烧烤晋升为网红城市，并陆续吸引大量全国各地游客前往淄博进行打卡和品尝美食。#芝士热亿点# @白鹿视频 
白鹿视频的微博视频",教育
"#男子37年画了上万张脸谱#【惊艳！#男子单手35秒画完一张脸谱#】河南48岁的刘枫是一名民间戏曲演员，9岁开始学习京剧，11岁登台演出。因为一场演出需要扮演多个角色，中途串场时间很短，有时还需画上新脸谱，久而久之，刘枫练就了串场期间快速画脸谱的技能，最快可以35秒画完。他说，37年大概画了上万次脸谱，希望更多年轻人喜欢传统文化。@贰河视频  #职向未来# 
贰河视频的微博视频",教育
"【#河北邯郸通报初中生被杀害案#：#邯郸初中生被杀害案嫌疑人全部抓获#】今天，河北邯郸市肥乡区联合工作组在“微观肥乡”公众号发布通报：3月10日，河北省邯郸市肥乡区初一学生王某某被杀害。案件发生后，公安机关立即开展侦破工作。3月11日，涉案犯罪嫌疑人被全部抓获，现已依法采取刑事强制措施。司法机关将对犯罪行为依法予以惩处。案件发生以来，相关部门全力做好受害人家属安抚和善后工作，各方面工作正有序进行。
该案涉及未成年人，为保护受害人隐私，请大家不信谣、不传谣，避免对其家属造成进一步伤害。（总台央视记者杨海灵 谢彬超）@央视新闻 #芝士热亿点#",教育
"【#戏剧艺术鉴赏课上非遗传人现场开大#】近日，在江西南昌，高校戏剧艺术鉴赏课上，国家一级演员、非遗传人现场“开大”。网友：这课全程上得热血沸腾！（新华网）#你好老师# 
新华网的微博视频
 ",教育
"【#校长称邯郸男孩的死亡是个意外# 还称班主任很负责，孩子绝对没有被欺负过】在王子耀学校的门口，总台记者采访到了他的同班同学，王子耀和三位嫌疑人的关系似乎不同寻常，“下课上厕所的时候，王子耀被他们几个人关在劳动小屋，等他们上完厕所再放出来。王子耀说过不想上学，想去死。”#邯郸被害男孩父亲怀疑另有帮凶#（央视） #芝士热亿点# 
头条新闻的微博视频",教育
"【#大学越来越像高中#考试和做科研是不一样的，考试是有标准答案的，那科研是什么？没有答案才叫科研，做题再好不等于你有科研能力】#为什么大学生不快乐#“大学生不快乐，有一个原因，从高中升到大学，大学给他们带来惊喜太少，很多学生认为大学仍然是高中的延续。现在学生们都在说‘内卷’，没有效率。打一个最简单的比方，两所大学都是4年本科，一所大学4年32门课，培养了大家公认的世界一流的学生，另一所大学64门课，多了整整一倍的课，却不如人家32门课，这就是效率低。最好的学校应该是学生投入少而收获大，无穷投入却所得甚少，教育质量是不行的。” #教育聊一聊# 
三联生活周刊的微博视频",教育
"【太可爱了~#女生送棒棒糖小朋友用双手接#】3月15日，广东一列车上。女生送一颗棒棒糖给小朋友，小朋友双手慢慢接过棒棒糖，有点不好意思了
~  #你好我的小孩# 
封面新闻的微博视频
 ",教育
"【#43岁父亲希望比自闭症儿子多活一天#】#爸爸带自闭症儿子摆摊每天都在道歉# 重庆，43岁罗永华的孩子，在四五岁时只会叫爸爸，被诊断为自闭症。为了能时刻陪伴孩子，他选择带孩子一起摆摊。儿子有时会“吓到”别人，罗永华每天都要给客人道歉，但他坚持自力更生，主动放弃顾客的“同情”单。罗永华说，从不觉得自己可怜，“尽量比孩子活得长一点”。 #你好我的小孩# @大米Video 
大米Video的微博视频",教育
"【#小孩哥遇难题不会直接开挂问老外#】
 3月16日（采访时间），在重庆10号线中央公园站，韩先生碰到这样一幕——一群学生拿出英语作业正和一旁的外国人讨论，几个脑袋凑在一起仔细研究，超级有爱！网友：#乘车途中还能碰上行走的英语答案#！ #学霸带带我# 
重庆广电第1眼的微博视频
 ",教育
"#罗翔谈未成年人杀人埋尸案#【#罗翔称特定犯罪可经最高检核准追诉刑责#】据金蝉视频，3月16日，罗翔谈邯郸未成年人杀人埋尸案，对于已满12周岁不满14周岁，这些特定的犯罪，经最高人民检察院核准追诉，应当负刑事责任。法律从来不可能解决所有的社会问题，对孩子而言，最重要的依然是培养对人对己的尊重。但法律所能做到的，就是对于犯下弥天重罪的人依然要进行必要的惩罚，只有惩罚才能带来改造的效果。 #芝士热亿点# 
星视频的微博视频",教育
"【#大二男生8个月骑行中国5800公里# “我的青春不留遗憾”
】3月15日，大二男生张安国从甘肃骑行到浙江。2023年下半年，在兰州一所高校读大二的张安国作出了休学的决定，他骑着自行车开始环游中国，这8个月时间里，他经过西藏、宁夏、山东在内的多个省份、直辖市，目前总骑行里程已经超过5800公里，他说每个人的人生轨迹不同，“让我们一起扬帆起航！”#未知行走实验室#浙江
 
美丽浙江的微博视频",教育
"【#胡锡进谈3初中男生杀害同学案#】近日，河北邯郸。邯郸3名杀害一名同学的初一学生已被刑事拘留。@胡锡进 称“这起案件非常轰动。由于这3名犯罪嫌疑人都过了12岁，我相信一定会依法受到严惩。另外，3名学生疑似长期霸凌被杀害同学，学校和他们的家长也有不可推卸的责任，除刑事处罚外，建议被害学生家长向学校和三名施害者的家长同时要求高额赔偿。一个孩子的生命就这样被残忍地剥夺了，刑责和经济赔偿都不能逃脱。#杀害同学3名男生均13岁一人为同桌#一段时间以来，不断有校园霸凌并发展成恶性犯罪的事件发生，警钟反复敲响，但是仍有一些学校在阻止霸凌和相关犯罪方面缺少作为，疏于相关的察觉和治理。所以，学生搞出这样的恶性犯罪，无论发生在校内还是校外，都应追究校方责任。学校不仅教书，还需育人，班主任老师要能够发现学生关系的异常，及时予以纠正，阻止霸凌的发生和延续。
初一学生以如此残忍杀害同学并且隐藏尸体，真是骇人听闻。学校和家长都愧对受害者亲属，也愧对全社会。这件事情一定要依法严办，产生足够的警示作用。”#教育聊一聊# @白鹿视频 
邯郸
 
白鹿视频的微博视频",教育
"【#25秒高燃水上训练祝考生乘风破浪#】24省公务员联考今日开考，@云南消防 蓝朋友祝所有参加#省考#的考生，激流勇进，金榜题名！愿所有努力都不被辜负～#决战省考#  
中国消防的微博视频
 ",教育
"【一直被爱！#无腿少年彭兰溪说大学是自由幸福的#】近日，在全国两会“代表通道”上，全国人大代表、湖南长沙市雅礼中学校长王旭眼含热泪讲述了用双臂撑起求学梦的“无腿少年”彭兰溪的求学故事，令人动容，也让广大网友十分敬佩。被王旭校长提到的“无腿少年”现在怎样了？如今，他的校园生活如何呢？
日前，记者在湖南科技大学见到了“无腿少年”彭兰溪，“我的老师是和蔼可亲的，我的同学是温暖善良的，我的大学是自由幸福的，我是一直被爱的！我在科大挺好的！”彭兰溪真挚地说。（三湘都市报 ） #一起上大学# 
三湘都市报的微博视频",教育
【24省公务员联考今日开考 #2024公务员联考逾450万人参加# 】3月16日，河南、安徽等24个省份举行2024年度公务员省考笔试。据华图教育统计的数据显示，24个省份共计招录155233人，比去年增加3206人，涨幅为2.11%，#24省公务员联考报名人数超560万#，较去年增长17.84%，根据往年实际参考数据推测，今年参加笔试人数或超过450万人。转发必过，祝大家笔试顺利，成功上岸！#决战省考#农民频道的微博视频,教育
#李玫瑾评初中生遭同学杀害掩埋# 【#李玫瑾建议按同罪刑期重罚父母#】3月15日，心理学家李玫瑾发文：对邯郸三少年劫财、杀人、毁容、埋尸的系列罪恶行为，值得追问的是：为何没有一个环节有过犹豫或停止？，为何参与的三个人中没有一人出现不忍而劝阻停手？三个家庭六个大人、是如何养了十多年、却养出毫无一丁点儿人性的儿子？他们几乎没有安装任何“制动装置”却已经放入社会之中？这有多么的可怕？大家在震怒之余，想到的都是如何降低刑事责任年龄、处罚作恶少年？却无人追问：养出如此毫无人性、肆意妄为、抢钱还杀人的恶少其主人（养者）该负什么样的法律责任？既然因为未成年的年龄规定他们不能担任全部的刑事责任，那么，具有监护责任能力的家长是否该分担刑转民的法津责任？建议：按同罪刑期重罚这类父母：以法令判决其父母以相等刑期为年限，期间每笔收入都要扣除相应百分比收入作为对被害家庭、被害父母养老的赔偿，让作恶少年的父母肉疼才是解决这类“生而不教”父母重视管教、约束子女的溯本清源之道。#教育聊一聊# @星视频,教育
"【#爸妈每天在楼下接43岁女儿下班回家#】3月14日，丽水，43岁的女儿每天下班回家，爸妈都会在楼下接。女儿郑女士表示，妈妈身体不太好，只要天气好，爸爸每天都带着她在楼下等，觉得自己很幸福。网友：幼时接你放学，长大接你下班。#你好我的小孩#  
中国蓝新闻的微博视频
 ",教育
"#孤立侮辱也是校园欺凌的一部分# 《校园暴力与欺凌-全球现状报告》指出，校园欺凌、校园暴力并非只有体罚或身体暴力行为，还包含言语虐待、情感虐待、社交排斥等心理暴力行为。歧视、胁迫等性暴力行为与口头骚扰、网络虐待等行为，也均在校园欺凌、校园暴力的范畴内。在这样的背景下，校园内常见的欺凌行为除了身体暴力外，还有口头侮辱、孤立、散布谣言、恐吓威胁等。在数据层面，53.5%的受访者曾遭受过校园欺凌。而面对这一行为，除1.9%的学生从不向老师或家长报告求援外，还有20.3%的学生要再次经历欺凌行为才愿意报告。@深度视频 #霸凌行为不是只有拳打脚踢##教育聊一聊#  
深度视频的微博视频",教育
"#小学生遇诈骗分子又怕又勇#【小学生遭遇领免费游戏皮肤诈骗，被骗子威胁后吓得哭着报警，警方霸气护娃】近日，湖南长沙。浏阳市公安局沙市派出所接到一小学生报警称，对方让她“扫码进群，免费领皮肤”，还要提供家长的手机验证码“解冻”，否则不但皮肤无法领取，父母会遭受财产冻结，甚至坐牢2到3年。手足无措下，孩子拿起电话拨打了报警电话。#教育有料# @长沙政法频道 
长沙政法频道的微博视频",教育
"【栩栩如生！#00后大学生手绘姑苏城堪比AI#】 日前，一组针管笔手绘的苏州风景画在网上走红，这些画高精度复刻，就像是AI绘制。作者是苏州科技大学建筑专业大二学生郑智仁，20岁的他是苏州人，出于专业的需要尝试手绘图。2年里，他画了100多幅，其中大部分是苏州的建筑和风景。他说，用AI可能5分钟就能完成一幅，但手绘的成就感是不可替代的。他希望能用画笔更多地记录苏州的变化，传播江南文化。#00后画手复刻姑苏城##微博开学季# @蟹视频 
蟹视频的微博视频",教育
"【热爱！#61岁保安大叔自学画画创作近百幅#】#小区保安大叔捡废颜料圆绘画梦# 浙江衢州。保安大叔何法达酷爱画画，一有空闲就开始自学。他利用业余时间，在狭小的门卫室里用废纸张、废颜料创作出一幅幅美术作品，实现了自己多年来的绘画梦想。何法达的坚持和热爱也打动了许多人，纷纷为其捐赠绘画书籍和材料，希望他能开心作画。 #职向未来# 
麦穗视频的微博视频",教育
"【#北京一儿童培训机构跑路前还在揽钱#】近日，北京昌平的欧女士向 @未来网 反映，年前在艾涂图回龙观校区给孩子续报100多节的课包后，年后复课时却遭遇该培训机构“跑路”。“起初是艾涂图回龙观校区所在的商场物业贴出告示，报课的家长们才意识到不对劲，后来他们才出闭店通知。”让欧女士十分气愤的是，“既然一月份已经处于经营不善的情况，为什么还要让家长续报被蒙在鼓里？”此外，欧女士介绍，闭店通知里所给出的转课方案，不仅被限制有效期、家长还要另付费。更令人匪夷所思的所提供的机构名单竟有整形医院。”欧女士的遭遇并不是个例，@未来网 记者进入欧女士所在的维权群发现，群内成员350多人，在群内接龙统计剩余课时的有204位家长，据统计涉案金额达200万。
对此，@未来网 记者拨打了由欧女士提供的一份“艾涂图北京区域转课方案”表格中所留下的艾涂图转课专线电话，均未接通。拨打标注为“机构合作”的电话时，一名姓乔的男子接通后，声称受艾涂图委托处理后续转课事宜，并称联系了500多家转课机构，转课机构名单出现整形医院是因部分家长需求。记者询问是否能提供艾涂图负责人联系方式时，对方称自己也联系不到。#315守护母婴消费##教育有料#未来网的微博视频",教育
"【#武大回应游客进校鸣笛与学生起冲突#】 3月14日，湖北武汉。网友发视频称武汉大学校园内，一名学生与游客发生冲突，两人扭打在一起，现场有保安劝阻。一名自称当事人的网友在视频下留言称，因梅园附近堵车，一辆奥迪车在路中间多次按喇叭，自己确认司机不是老师而是游客，遂与车上司乘人员发生语言和肢体冲突，最终被保安拦下来。
武汉大学游客进校预约申请“来校须知”第6条明确规定，因校园内道路交通条件有限，预约入校参观人员乘坐的各类车辆禁止入校。学校相关部门工作人员回应称，已经看到网传视频，已经转给相关部门，正在调查处理这个事情。#芝士热亿点#  @白鹿视频 
白鹿视频的微博视频",教育
"【#教育局回应遭同学杀害男孩被霸凌#：正在核实】#遇害男孩埋尸地距凶手家不足百米# 近日，河北邯郸一名初中生遭3名同班同学杀害并掩埋一事引发关注。据此前网传信息显示，就读于河北省邯郸市肥乡区旧店中学的初一学生小光（化名）长期遭受3名同班同学的霸凌，并于3月10日被这3名同学杀害。3月12日，涉案3名嫌疑人已被警方抓获。3月14日，新黄河记者就小光是否曾在就读期间遭遇霸凌一事，致电邯郸市教育局和邯郸市肥乡区教体局了解情况，相关工作人员回应称：“已派出调查组，正在核实中。”（记者：张焱辉）#芝士热亿点# @新黄河 
新黄河的微博视频",教育
"【#游客开车进武大校园与学生肢体冲突#，学校：不允许开车进校，已介入调查】3月14日，湖北武汉。网传武汉大学一游客开车进入校园鸣笛和学生发生冲突，随后游客暴力殴打学生。周围多人围观，保安也在劝阻。对此，#武大回应游客开车进校与学生肢体冲突#，已经反映给相关部门在处理了，学校是不允许开车进来的，具体情况需要等调查结果，学生人没事，还在进一步处理中。#芝士热亿点# @搜狐千里眼 
搜狐千里眼的微博视频",教育
"【#宿迁学院通报学生不雅视频#：就餐时搂抱嬉闹被拍，内容被剪辑后传播】@宿迁学院 发布《声明》称：有关该校学生“食堂”“吃瓜”等帖文流传，经核实，一段视频非该校场景，另一段视频是两名学生情侣就餐时搂抱嬉戏被拍，内容被剪辑后传播。（素材来源：@宿迁学院 ）#芝士热亿点# @澎湃新闻  
澎湃新闻的微博视频",教育
"【诺如病毒如何预防应对？19条提示转给师生家长】#微博开学季#开学季，诺如病毒常在学校、幼儿园等人员密集场所引起传播。人感染诺如病毒后可导致急性胃肠炎，一般在摄入病毒后12-48小时出现症状，最常见的症状是腹泻和呕吐，其次为恶心、腹痛、头痛、发热、畏寒和肌肉酸痛等。儿童以呕吐为主，成人以腹泻为主。如何预防和应对诺如病毒？ #家庭健康守护计划# 
诺如病毒如何预防应对？19条提示转给师生家长",教育
"【泰酷辣！#70岁奶奶挑战4000米高空跳伞#】近日，海南。一位70岁的奶奶在自己生日的第二天，完成了4000米高空跳伞，网友称之为“自由奶奶”。在高空中，奶奶感受到了属于自己的那一片蓝天。据了解，这位奶奶年轻时梦想成为宇航员，希望通过高空跳伞满足对蓝天的渴望。#未知行走实验室# 
新京报教育新闻的微博视频",教育
"【#清华大学教授评精英学生未老先衰#】#清华大学教授称大学越来越像工厂# 清华大学教授甘阳在接受@三联生活周刊 采访时表示：“大学越来越像工厂，院系像生产车间。”
用8个字概括现在的学生，他认为，特别是清华北大的精英学生，可以说是疲惫、焦虑、未老先衰。
“大学的评价系统和内卷是连在一起的，迫使学生疲于奔命。”#教育聊一聊#你怎么看？ 
三联生活周刊的微博视频",教育
"#爷爷眼里的我们好像从未长大# 3月9日，安徽。女生因备考压力过大，爷爷知道后带着狗狗来陪伴，“爷爷眼里的我们好像从未长大” #你好我的小孩# 
星耀视频的微博视频
 ",教育
"【#72岁奶奶请我把她化成少女模样#】#胖女孩爆改唐代女子后眼里有光了# 陕西西安，95后女孩杨婷辞去老师工作，到1500公里外的西安，和闺蜜创业做汉服体验馆。一年时间，她们爆改了8万顾客，其中7万是女性：260斤胖女孩穿上汉服瞬间眼里有了光；72岁奶奶进店请求化最少女的妆……杨婷说，现在的工作，让更多人体验汉唐文化，感觉很有意义。#职向未来# @大米Video 
大米Video的微博视频",教育
"【#南极眼#微纪录：极地生灵】在南极的童话世界里，它们才是真正的主人。1分10秒起，遇见“企鹅岛”，有小企鹅乞食，和阿德利企鹅筑巢；4分16秒起，漫步“西海岸”，看海豹叠罗汉，感受一滴泪流下的瞬间。@人民日报 记者全程报道中国第40次南极考察，#南极冰雪生灵的人生道理#，给爱极地、爱动物的大小朋友们，喜欢哪个动物可自行拖动进度条。#未知行走实验室#（胡润新 刘诗瑶） 
人民日报的微博视频",教育
"【#导师为了让知识进我的脑子有努力#】#做美食探店走红的教授成招生代言人#  他如同一位神秘的探险家，向年轻人展示着美食和考古的魅力……江苏南京，去年，南大教授张良仁做美食探店火爆网络后，故事被写进高考模拟题，还成了考研“招生代言人”。现在，他在探访小店的同时还突破自己，用幽默、快穿等反差萌的方式讲美食和考古，吸引160多万云学生，“我还会继续创新，让更多人爱上考古”。#微博开学季# @田野视频 
田野视频的微博视频",教育
"考研
 【#武大教授称为了就业去考研没必要#：研究生上岸不是真正的上岸】据五环短视频 ，3月12日，2024#考研国家线#发布。武汉大学教授苏德超在自己的社交平台聊起了考研上岸的话题。苏德超说：“我们是为了什么而考研，如果是为了做学问，二战三战我们就应该怀疑一下，自己是否有做学问的潜力，如果是为了找工作，你找到了工作那才是上岸。考了三年还没有考上，你还不如去找一份学历学业匹配的工作。第三种情况，可能我的第一学历不太好，我还是不建议考的时间太长，是面向就业市场，读研究生可能真的没有那么重要。人的生命是有限的，我们要提高效率，读研究生并不是提高效率最有效的方式。”
五环短视频的微博视频",教育
"【#官方通报点读机女孩视频事件##点读机女孩手术治疗视频为库存视频#】近日，杭州市余杭区互联网违法和不良信息举报中心接网友举报，质疑MCN机构杭州豁然开朗科技有限公司近期发布的“点读机女孩”高君雨自曝患罕见脑瘤并接受手术治疗相关视频为“库存视频”。经核实，相关视频为2023年9月拍摄，2024年2月开始剪辑制作，被该MCN机构配以近期发生的文字描述发布到网络。（中国蓝新闻） #芝士热亿点# 
中国新闻网的微博视频
 
 
网页链接",教育
"考研
 【转存！#1张图看懂考研复试流程#】今天，#考研国家线#发布，收好这张#考研复试流程图#↓↓祝福大家#下一站是上岸站# 
 ",教育
"【《周处除三害》中九次圣杯的概率有多大】 @李永乐老师 科普时间
 #新浪公开课#  
李永乐老师的微博视频
 ",教育
"【一个敢张嘴一个敢拔！#当代父母的拔牙方式能有多硬核#】#妈妈用老虎钳硬核给娃拔牙# 近日，山东潍坊。妈妈用老虎钳给儿子拔牙。视频发布者冯先生表示：放学回来时孩子说牙齿有点松动，吃饭前孩子妈妈就拿钳子给他拔了下来。网友：小时候我爸就是这样给我拔的！#你好我的小孩#  
麦穗视频的微博视频",教育
"【#幼儿园闺蜜已经懂怎么出片了# 太会凹造型！
】近日，福建。两个小女孩买完奶茶后拍照打卡，还不时检查“出片效果”，小女孩提醒闺蜜“不要拍到后面的人好吗”，然后俩人又投入状态继续拍照。网友笑称: “才幼儿园的年纪，就已经有三十年的探店经验了”，“太真实了，拍不好看真的会生气呦”。你有这样的朋友吗？ #你好我的小孩# 
打鱼晒网的微博视频",教育
"【#高君雨同学称开颅手术ICU抢救属实#】3月11日，点读机女孩高君雨网络账号发布视频被质疑是库存一事引关注。曾前往医院探望高君雨同学称，她2023年10月在北京做了一次手术 ，因手术费用较高，同学们还组织了捐款。同学称，高君雨账号发布视频与当时场景和事件一致，视频中剃头、开颅手术、ICU抢救等细节是真实的。同学称，手术后高君雨恢复情况不错。高君雨妈妈发文称，女儿账号系签约公司运营失误，女儿目前还需进一步康复。#芝士热亿点# （记者：马毅菲 制作：李霞玲)
新京报教育新闻的微博视频",教育
"【#爸妈让6岁儿子晚上学一年到处旅游#】 #父母卖车卖房带6岁儿子全国游学# 近日，河南郑州。在教育内卷的道路上，有人一路狂奔，也有家长不愿让孩子背负太多，选择了“另类”育儿，芒果的爸爸杨强就是其中之一。杨强说：“鸡娃不如鸡自己，家长好好学习，孩子自然会天天向上。家长先成为最好的家长，孩子自然会成为最好的孩子。” #你好我的小孩# 
都市报道的微博视频",教育
"#跟杭州医生一起跳长高操# 【#能从6岁跳到17岁的长高操来了#】放假在家，杭州市妇产科医院儿童保健科全体医生建议：学学儿童长高操，在家“偷偷”长高。长高操适合6至17岁儿童，坚持连续做一个月，有明显效果哦！#宝贝成长守护计划# （潮新闻 记者 王喆 实习生 汪宇晴 通讯员 刘荞菡） 
钱江晚报的微博视频
 ",教育
【#高君雨妈妈发声#】 3月11日，针对点读机女孩高君雨手术时间等质疑，@高君雨 发文称：大家好，我是君雨的妈妈，正如大家所知，小雨生了一场非常严重的病，目前还在康复中。君雨全网的账号一直由签约公司在运营，我们确实无暇管理。视频原本是想记录小雨病情，给关心的粉丝一个交代，但公司在发布过程中，运营上出现了严重的问题，给大家造成非常大的误解，这也令我们非常气愤和抱歉，我们也已经与公司交涉决定停止发布君雨相关视频。目前君雨还需要进一步康复，非常感谢大家的关心，代表君雨谢谢大家。#高君雨妈妈称签约公司运营出现严重问题##芝士热亿点# @梨视频,教育
"【#中传回应点读机女孩近况#：校方已给予资助 希望她在安静环境中康复】#高君雨手术是毕业后做的# 据@冷暖视频 报道：近日，“点读机女孩”@高君雨 发视频称患上罕见脑瘤，随后以父母口吻更新数条手术过程视频。事件引发持续关注，有网友质疑高君雨最近发布的视频为旧库存视频。目前，高君雨社交账号已取消此前的“豁然开朗MCN”认证。3月11日，中国传媒大学办公室工作人员回应称，高君雨手术是在毕业之后做的 ，学校当时已通过专项基金给予一定资助，同时也希望她能够在较为安静环境中康复。#芝士热亿点# 
冷暖视频的微博视频",教育
"【“宇宙的尽头是考公”流行！政协委员刘林：不应指责年轻人】#两会谈教育#  “宇宙的尽头是考公”成为网上颇为流行的一句话，这一现象背后折射出高校毕业生的就业困境和就业现实选择。官方公布数据显示，2024年全国高校普通、职业本专科毕业生1179万人，比去年增加21万人。
如何看待年轻人的就业选择，怎样解决当下的就业问题？2024年全国两会期间，全国政协委员、中国民办教育协会会长刘林@潮白涛声 接受南都记者专访中表示，在就业形势严峻时年轻人考公、想进入央企国企是自然的选择；但同时也要看到，很多毕业生也在不断调整就业预期，前往中西部地区、基层一线的比例在提升。
为解决就业问题，刘林今年全国两会带来一份建议，呼吁拓宽国内升学渠道和国际留学渠道，在就业方面，解决供求信息不对称问题，清理各种隐性就业歧视，国有单位应带头消除招聘中学历门槛、资历条件过高（超过岗位实际需要）等不合理现象；优化直播带货、网络创作等自由职业和就业新业态社会保险制度，并在国家职业目录中赋予正式职业名分，给予相应社会地位。@南方都市报 
“宇宙的尽头是考公”流行！他说：不应指责年轻人",教育
"【#霍启刚称年轻人应有更多时间去扩大眼界##霍启刚称年轻人压力大#】全国人大代表霍启刚今年带了6份建议参加全国两会。日前，他在专访中表示，大多数年轻人都非常努力，他们很能干，他们想用自己勤劳的双手创造更美好的未来。但要理解现在年轻人的压力有多大，希望政府能认真考虑一下，看看能如何帮助年轻人。霍启刚还表示，舒展年轻人的压力可以让年轻人有更多时间去扩大眼界，可以去稍微远一点的景点，这样也能激活旅游市场。（综合CGTN）#两会谈教育# 
中新经纬的微博视频",教育
"【#两男生默契搭档跳爱的华尔兹# 】3月9日，河北三河，高校体育舞蹈考试现场，两男生默契搭档跳《爱的华尔兹》，舞姿落落大方，引周围同学欢呼。网友：没有笑场，心里只有学分。#微博开学季#廊坊
 
大众网的微博视频
 ",教育
"#委员谈青少年如何成为创新人才#【政协委员倪闽景：#建议青少年多读科普书多逛科技馆#】全国政协委员、上海市教育委员会副主席、上海科技馆馆长倪闽景在接受@未来科技  采访时表示，青少年是祖国的未来，科技强国，点亮未来，是祖国对下一代的殷切期望。开展科普教育，让青少年走近科学，热爱科学，对青少年成长和国家未来来说，都是意义十分重大的。希望青少年能够多看科普类的书籍，从书中找到自己的兴趣，多来科技馆，来自然博物馆和天文馆，寻找到自己发展的方向，将来能够成为拔尖创新人才，为国家做更大的贡献。#两会谈教育# 
未来网的微博视频",教育
"【#看不够的中国龙#】从桌上的糖龙到屋脊兽中的琉璃龙，从鱼龙起舞到九龙吐瑞，再到九曲黄河向东流……跟着国潮AI微短剧《二月二 龙抬头》，走进中国龙的童话世界↓↓沐春风，行九州，问苍穹。向着希望出发！#龙年二月二龙抬头#（本片应用生成式AI技术并采用AI配音） @央视新闻 
央视新闻的微博视频",教育
"【#张文宏谈青少年厕所文化#】3月10日，据央视频，对于青少年课间活动时间减少，@张文宏医生 说：“应该给孩子们更加宽松的环境和喜欢运动的心态，发挥自己的天性。给孩子们多一点时间，就是给国家多一份更灿烂的未来。”#你好我的小孩# #两会谈教育# @西部决策 
西部决策的微博视频
 ",教育
"【为爱奔跑！#一群罕见病少年连续5年参加马拉松#】3月10日，2024苏州环金鸡湖半程马拉松鸣枪开跑。赛道上，最后出发的是一群患DMD（杜氏肌营养不良症）的罕见病少年。这是一种因基因缺陷导致的先天性疾病，俗称肌肉萎缩病，至今尚无特效药。这10组DMD家庭已经是第5年参加马拉松，他们中最小的才6岁，由于无法自主行走，他们在志愿帮助下，全程由父母推着完成比赛。挑战自我、永不放弃，加油少年！#你好我的小孩# @SBS暖视频 
SBS暖视频的微博视频",教育
"【#点读机女孩发烧不退再次进ICU#】3月10日，“点读机女孩”高君雨社交账号再发视频，配文称小雨的状态突然变差，持续发烧不退，现在已经紧急转进了ICU。 
星视频的微博视频
 ",教育
"#张凯丽说不赞成孩子赢在起跑线这句话#【张凯丽委员谈“赢在起跑线”：孩子们小时候需要的是玩耍】#两会谈教育# “我不赞成‘赢在起跑线’这句话！”3月9日，全国政协委员、中国国家话剧院国家一级演员 @张凯丽 接受采访时表示，“我们鼓励孩子们去努力生活、学习，成为国家栋梁，但是一定要根据孩子们的心智和需要，他们在小时候可能就是需要去玩耍，到了一定年龄以后再接受教育。”
网页链接
（工人日报客户端） 
工人日报的微博视频",教育
"【请君入瓮！#大学教授课堂上搞反向签到笑果炸裂#】近日，广州大学的一节课堂上，教授出其不意，搞了一次“反向签到”。规则是，到场的学生们反而都不用签到了。随后，果然有不少学生“中计”，没来的上课却依旧“签到”积极，现场“笑果”炸裂！#微博开学季# @陕视新闻 
陕视新闻的微博视频
 ",教育
"【#鹅腿阿姨受邀参加北大论坛#：希望大家以舒适的节奏努力生活】3月8日，此前火出圈的“鹅腿阿姨”陈秀凤，受邀参加北京大学“2024青年女性创投发展论坛”。她在现场表示，自己是带着感恩的心情来的，非常喜欢北大和北大的同学们。希望大家能选择舒适的节奏，持久地为自己的生活努力。#鹅腿阿姨北大论坛发言##微博开学季# 
封面新闻的微博视频",教育
"【#什么样的孩子才能成为大科学家#？#委员说创新没有天选之人#】全国政协委员、上海科技馆馆长倪闽景在2024年全国两会第三场“委员通道”上表示：创新没有天选之人，每个孩子都能成为拔尖创新人才。无论考试成绩好坏，都能培养这三个素养：①自主、有行动力；②对某个领域特别有兴趣，很专注，形成了超越常人的知识富集和能力特长；③特别有韧性，能坚持。这是教育真正的价值与力量。 #两会谈教育# 
人民日报的微博视频",教育
【#网传重庆最新中考各学科信息系谣言#】#微博辟谣#据重庆辟谣公众号：近日，有网民在网络平台发布重庆中考各学科的 “考查范围、考查内容要求、试卷要求和难度系数” 等信息，引发网友关注。经核实，此信息为谣言。重庆市教育科学研究院有关研讨会尚未召开，且会前未发布任何有关中考各学科命题信息。网民在网络平台上所发布的各学科的 “考查范围、考查内容要求、试卷要求和难度系数”等内容均为虚假信息。#芝士热亿点# @白鹿视频,教育
"【#南大一48岁博士生8年未毕业被劝退#】3月4日，南京大学研究生院官网发布了一则对博士研究生刘某应予退学决定的公告送达。公告内容显示，南京大学法学院2015级博士研究生刘某，因达到学校8年最长修业年限，学校对其作出退学处理。学校多次联系刘某，均未收到本人回应。根据相关规定，向其公告送达南京大学退学处理决定书，自公告发出之日起经过60日即视为送达。自送达之日起10日内，本人如对学校退学处理决定有异议的，可向学校学生申诉处理委员会提出书面申诉。#你最高学历是什么# 南京[地点]##教育聊一聊#  @白鹿视频 
白鹿视频的微博视频",教育
"【冯春林委员：#建议返聘65岁以下退休教师#】#建议招聘顶岗教师# 全国政协委员、贵州省遵义市政协副主席冯春林接受@中国新闻周刊 采访时谈到，他提出《关于探索解决人口结构变化下“教师荒”问题的建议》。他指出，2023年是“二孩政策”后的第7年，适龄学生陡增出现“学位紧张”，引发了小学阶段“教师荒”问题，未来也可能出现“学生荒”。
如何解决当下的“教师荒”问题，对此，冯春林建议，①通过事业单位招聘，选拔一批年轻、优秀教师充实到教师队伍，招聘比例控制在缺编数的30%左右，避免满编招聘导致未来教师冗余；②返聘一批65周岁以下经验丰富的退休教师，补充到“缺编”学校；③面向社会招聘具备相应学科教师资格的“顶岗教师”；④推动教师转岗，后勤或管理岗位重新回归教师岗位。#两会谈教育# 
中国新闻周刊的微博视频",教育
"【教育部：#要着力解决小眼镜小胖墩问题#】教育部部长怀进鹏：将构建德智体美劳全面培养的教育体系。大力开展青少年学生读书行动；保障学生每天1小时体育锻炼，#要保障学生充足课间活动#，注重劳动习惯养成；采取务实管用举措，着力解决小眼镜、小胖墩和学生心理健康问题。#两会谈教育# 
人民日报的微博视频",教育
"【#211女子生娃3年没工作靠卖花逆袭#】#全职妈妈3年后我开了家不打卡的公司# 江苏宿迁，211大学毕业的张成云，当妈妈后离开职场3年，生活只剩家里的三室一厅，情绪状态也很差。丈夫看在眼里，每天开车往返100公里支持她创业。2年后的今天，张成云有了自己的公司，将鲜花卖给他人的同时，还让员工实现了鲜花自由，“想对所有女性说，一定要勇敢做自己”。#职向未来# @田野视频  
田野视频的微博视频",教育
"【全国政协委员蒋胜男：老师不减负 学生也减不了】#委员称老师不减负学生也减不了# 3月8日，全国政协委员蒋胜男就“基层减负”相关问题接受采访。蒋胜男谈到“教育减负”时称，学生减负后存在着部分负担转嫁给老师的情况，“只给小孩子减负，老师不减负，小孩也减不了”。蒋胜男称，“教育减负”关系到学生身心健康，也关系到教育质量能否有效提升。蒋胜男建议，各地分管教育的相关领导需负起为教育部门抵制压力的作用。#两会谈教育#@新京报我们视频 
新京报我们视频的微博视频",教育
"#河南版语文课本封面美爆了# 若以语文课本的方式描绘老家河南的美景，那将展现一幅幅如诗如画的壮丽画面。从郑州的繁华都市到洛阳的千年古都，从开封的历史遗迹到安阳的殷墟遗址，河南的美景如同课文中描述的那样，充满了历史底蕴和文化魅力。#芝士热亿点#  
星耀视频的微博视频
 ",教育
"【#女教师改行保育员为养鸟素颜9年#】3月8日，山东济南。徐静曾是一位英语老师，现在是济南动物园热带鸟馆保育员，负责饲养琉璃金刚鹦鹉，亚历山大鹦鹉和葵花鹦鹉，总数量20多只。徐静表示，从事鸟类饲养员这9年时间，没有化过妆也没有喷过香水，担心会影响鸟类，这些鸟在自己心里就像孩子一样。#你好老师# @西部决策 
西部决策的微博视频",教育
"【#老师打电话屏幕上涌出一堆小脑袋#叽叽喳喳好兴奋！】
“覃老师，你后面那个是人民大会堂吗？”
“老师再走一点！”
“我们想看天安门！”“哇！”
全国人大代表覃恬静，是广西环江毛南族自治县的小学教师。今年，#95后老师带毛南族小朋友的画上两会#，她还特地拨通视频电话，带孩子们看北京！#两会谈教育# 
覃老师说：“孩子们的画里是对未来的想象，这也正是我提出建议的初心。希望越来越多孩子能走出这片大山，去看看外面的世界。希望我们的努力，能让他们的未来更好！”（总台记者廖汨 刘煜璇）
央视新闻的微博视频",教育
"【#中学回应网传给高三女生开女德讲座#，#教育局回应网传中学开女德讲座#：已派人过去】近日，多名网友在社交媒体平台上发帖称，江苏宝应中学校长在妇女节之际给高三女生开设“女德”讲座，相关言论引发争议。对此，宝应中学有工作人员称，已经将情况记录下来，情况属实的话会有相关部门进行统一回复处理。宝应教育局则对此表示，关注到了该情况，“已经派人过去了”。#教育局回应宝应中学开设女德讲座##芝士热亿点# 
梨视频的微博视频",教育
"【#大学老师不让小学儿子写无效作业#】3月6日（采访），河南郑州。大学老师丁建波称，如果只是简单的重复，那么小学低年级的一半多作业都是可以不写的，属于无效作业。他和班主任商量减少重复性作业，却被班主任明确拒绝。但他让孩子尝试了一段时间后，结果非常出人意料：虽然作业数量减少，效果却很好，考试成绩也很不错。丁建波认为，老师应该给尽可能布置一些有创造性、启发性的作业。#你好我的小孩#郑州
 
都市报道的微博视频",教育
"#北京四中校长反对陪伴式写作业#【北京四中校长：#建议家长育儿做园丁不做木匠#】“我坚决反对家长陪伴孩子写作业，不要只看到眼前的问题。”全国政协委员、北京四中校长马景林表示，长期陪孩子写作业，会让孩子产生依赖，自主能力减弱。“家长育儿要努力争做‘园丁’，看重怎么给‘花草’提供更好的生长环境。用木匠的方法可以准确做出成功的家具，但把它用在育儿上，可能面临更多更大的挑战。”#两会谈教育# 
央视新闻的微博视频",教育
"【#24岁女生边工作边考研422分#】江西鹰潭，24岁的洪晨露是一名小学老师，她从专科一路逆袭，工作之余自考本科，去年6月又备考研究生，白天上课晚上背书，有时在学校学到凌晨才回家。得知初试成绩422分后，她说，我享受为了自己而努力的过程，“我的人生不会是一个单选题”。#学霸带带我# #国家线# @大米Video 
大米Video的微博视频",教育
"【好样的！#武汉大学王意通奖100000元#】武汉大学经济与管理学院王意通，获得10万元卓越奖学金，用一只手生活的他，用他坚强的意志勇敢抗争。王意通在上小学时，因一场事故导致右臂运动神经损伤、肌肉萎缩，他一边跟着家人四处治病，一边自学小学课程，练习左手生活，2016年他以优异的成绩被郑州大学录取，进入大学后获得多个奖项，2020年底以专业第一的成绩推免至武大硕博连读，期间累计发表了SCI、SSCI、CSSCI核心期刊论文8篇，他说：“我的学术梦想道阻且长，定当自强以对，追逐心中所想”。#学霸带带我# 
四川观察的微博视频",教育
"【#38节前两少年书包背鲜花单车飞驰#】3月7日，四川资阳，魏女士妇女节前一天拍到温馨一幕：放学回家的路上，两名意气风发的少年骑着自行车，书包里各自背着鲜花......网友:#今天又会有2个超级幸福的妈妈# ！#妈妈的理想生活# @陕视新闻 
陕视新闻的微博视频
 ",教育
"【全国政协委员刘林：国有单位应带头消除学历门槛过高等不合理规定】#建议国有单位带头消除学历鄙视链##两会谈教育#全国政协委员、中国民办教育协会会长刘林 @潮白涛声 在两会中带来“解决高校毕业就业问题要远近结合、有的放矢、精准发力”的提案。他表示，在多方协助下，解决毕业生就业问题取得了显著成效，但通过前一阶段调研，解决高校毕业生就业问题还须在前期各项措施基础上，进一步精准发力。#我给两会留个言# 
对于“学历鄙视链”现象，刘林认为，国有单位应带头消除招聘中学历门槛、资历条件过高（超过岗位实际需要）等不合理规定，积极营造公平、清朗的就业环境，减轻毕业生就业心理压力。全文↓ 
全国政协委员刘林：国有单位应带头消除学历门槛过高等不合理规定",教育
【全国政协委员蒙曼：#建议取消公务员35岁门槛#】全国政协委员、中央民族大学历史文化学院教授蒙曼建议取消公务员遴选的35岁门槛。她表示，35岁虽然存在体力劣势，但也有经验能力上的优势。目前，男女都面临35岁就业门槛问题，由于女性承担更多养老育幼责任，职业生涯受到的影响更大，贤妻良母的社会期待阻碍了女性在职场取得成功。在不需要看体力的职业中，女性的工作能力并不输给男性。#两会谈教育#（@南方都市报）,教育
"【小学生“内卷”有多严重？#6年级小孩姐已学完英语四六级# 
】3月7日（采访）河南郑州 现在小学生在学习上有多“卷”？郑州一6年级小学生表示，自己已经把大学英语学的差不多了，考四六级没有问题。国家二级心理咨询师鲁泉表示，孩子“内卷”背后，是家长无处安放的焦虑：“他们把自己未完成的心愿，投射到孩子身上。”希望家长能拒绝“鸡娃”，每个孩子都有无限的潜能和可能。#你好我的小孩#郑州
 
都市报道的微博视频",教育
【共青团中央：#建议挖掘文旅事业爱国主义实践教育功能#】全国两会期间，团中央提交《关于贯彻<中华人民共和国爱国主义教育法>加强学生爱国主义实践教育的提案》，建议进一步加强青少年学生爱国主义实践教育，提升实践教育的普遍性和有效性。团中央建议，深入挖掘文旅事业爱国主义实践教育功能。比如打造实践体验精品线路并加大推广力度；针对大、中、小学生打造精细化的讲解内容；支持社会力量开展爱国主义教育夏令营、研学旅行等深度实践体验活动等。此外，还在提案中建议，突出国家安全和国防教育。促进学生在基础教育阶段接受国防教育，树立国防意识和国家安全观念；支持地方学校、共青团组织青少年到边境地区参加卫国戍边主题实践活动，参访边防哨所、考察口岸界碑。#支持青少年到边境参加卫国戍边实践#（@共青团中央）#两会谈教育#,教育
"【#委员称未成年人网游应避免一刀切#】全国两会期间，关于未成年人网游话题，引发热议。有委员#建议国家全面禁止未成年人网游#。对此，全国政协委员、辽宁省丹东市副市长时燕在接受@中国新闻周刊 采访时表示，网游是近几年家长老师都非常关注的话题，她认为，“要从正面去引导和培养，而不是简单地禁止玩游戏、控制时间。” #两会谈教育#时燕指出，要增加课外活动时间，例如体育、文艺等，减少网游时间，同时，加强正面引导，结合青少年心理、生活、学习习惯，主动合理分配动与静的时间，避免简单地“一刀切”。
中国新闻周刊的微博视频",教育
"【#被这位老师的温柔以待触动了#】#女孩肚子疼默默流泪老师暖心安慰# 近日，湖南岳阳。小女孩因为感冒而肚子疼，却不敢和老师同学说，自己一个人默默地流眼泪，这一幕被老师发现了，于是老师将她叫到走廊里，温柔地询问她的情况，最后小朋友也被妈妈接回家里。老师表示，小女孩内向腼腆不爱说话，希望她以后可以多和别人交流沟通。网友：育人者皆应如此。#你好老师# 
麦穗视频的微博视频",教育
"【全国政协委员张其成：#通过学国学破除青少年抑郁等心理问题#】据《2023年度中国精神心理健康》蓝皮书显示，高中生抑郁检出率为40%，初中生抑郁检出率为30%，小学生抑郁检出率为10%。《2022国民抑郁症蓝皮书》显示我国18岁以下抑郁症患者占总人数的30.28%，在抑郁症患者群体中，50%的抑郁症患者为在校学生，41%曾因抑郁休学，学业压力已经成为压在青少年抑郁症患者身上的一座大山。#两会谈教育#针对这一现象，全国政协委员、北京中医药大学国学院原院长@张其成 建议通过国学的学习实践加强孩子的人格教育，来从根本上解决“唯分数论”带来的精神压力大、焦虑抑郁等心理问题。
他建议，面对青少年人格成长形成阶段的心理学需求，开发一套中华优秀传统文化人格教育课程体系，建立由正确的世界观、人生观、价值观支撑的人格塑造系统。将中华优秀传统文化人格教育融入德智体美劳“五育”之中。加强国学经典的系统学习，改变传统文化“背默考”的固有教学模式。为中华优秀传统文化人格教育搭建良好的社会支持平台，通过情感教育，让孩子从家庭、学校、朋友、社会中吸取情感营养，为内心的情感情绪疏通搭起通畅的宣泄渠道。@白鹿视频 
白鹿视频的微博视频",教育
"【可爱又心疼！#女儿抱怨写作业太累爸爸温柔安慰#】3月6日，河南。爸爸工作一天下班回家，女儿钻爸爸怀里委屈地抱怨作业太多写得太累，崩溃大哭起来，爸爸抱着女儿心疼又无奈地安慰。有网友称孩子好可爱，累了不开心有情绪释放出来，父母也很棒能接得住孩子的情绪，而不是讲道理。#爸爸下班回家发现女儿比自己还累##你好我的小孩# @梧桐Video  
梧桐Video的微博视频",教育
"【#95后女生的工作是带薪撸小老虎#】 #每天上班撸幼崽的工作有多快乐# 浙江湖州，95后女生施霞敏从小喜欢动物，工作后，她主动申请成为一名保育员，四年带大了100多个娃：有小老虎、小狮子、还有真正的“熊孩子”……施霞敏将自己与动物相处的日常发到网上，萌化无数网友。她说，这个工作最开心的地方在于“表面是我照顾它们，其实是它们在治愈我”。 #职向未来# @大米Video 
大米Video的微博视频",教育
"【“有此良师，何其有幸！”#硕导逐字逐句批注完学生3万字论文#】近日，黑龙江哈尔滨，一名即将毕业的硕士生晒出导师给自己逐字逐句审阅批注的3万字论文，直言:“或许我不是千里马，但她是我的伯乐！” #你好老师# @陕视新闻 
陕视新闻的微博视频
 ",教育
"【#00后女孩每天端盘子上千次成冠军# 
】#原来端盘子也有国家队# 3月6日 河南郑州 00后女孩李天鹤正在为餐厅服务世赛项目做训练。几年前一次偶然的机会，学习酒店管理职业教育的李天鹤接触到了餐厅服务世界比赛，她决定试试看。餐厅服务听起来简单，做起来却很难，一个看似简单的摆盘动作也要重复练习成百上千次，直到形成肌肉记忆。2023年，李天鹤在中国职业技能大赛餐厅服务项目中一举夺魁，进入中国集训队进行更加严格的训练。李天鹤表示，希望未来有一天能代表中国参加世赛，向全世界展示中国工匠的风采。#职向未来#郑州
 
都市报道的微博视频",教育
"【洪明基委员：#建议国家全面禁止未成年人网游#】3月6日，北京。全国政协委员@洪明基 在接受未来网采访时表示，“不能再让游戏害人了”。#委员赞成管控大学生玩游戏时间#，除此之外，还要全面禁止18岁以下的未成年人玩网络游戏。他表示，虽然游戏设置了防沉迷的功能，但很多孩子对网游的依赖成瘾，根本控制不住玩游戏时长。如果管控游戏的手段达不到效果，更希望国家出台政策，全面禁止未成年人玩网游。#两会谈教育# @未来网 
未来网的微博视频",教育
"【刘希娅代表：#建议允许教师跨专业考取编制#】#两会谈教育# 3月5日，出席十四届全国人大二次会议的重庆代表团举行开放团组会议。全国人大代表@刘希娅 表示，她在工作和履职调研中发现，目前义务教育阶段教师公开招聘存在教师报名条件专业要求过于窄化、跨学科考取编制受限等问题。她建议教师公开招聘根据学科所需知识储备来确定专业，不过分强调学科与专业必须对应。对于所学专业和所任教学科不一致的跨学科教师，各地人社部门应给予其考取编制的机会。（程宇）@中新视频 
中新视频的微博视频",教育
"【#95后女生童年遗憾被陌生人抚慰#】都说童年不得之物，终将困其一生，每个人的童年或多或少都有些许遗憾。青岛95后女生乐乐称，小时候看到同龄朋友们有零食吃，但父母为了省钱很少买，逢年过节收到也只是留着回礼。长大后，乐乐理解了父母养家的不易，也开始把自己当成宝宝来养，喜欢吃的零食、好看的衣服、没去过的城市统统安排上；近日，在网上分享自己的经历后，在3.8国际劳动妇女节前居然收到了一袋零食大礼包，她突然觉得小时候“求而不得”的遗憾有被治愈。原来，成年后报复性补偿童年遗憾的，并非只有自己，你有补偿过自己小时候的愿望吗？#你好我的小孩# 
九派新闻的微博视频",教育
"【全国人大代表潘复生院士：#建议消除简历第一学历概念#】据《科学中国人》：今年两会，人大代表潘复生院士带来关于切实破除研究生招生就业过程中唯学校“出身论”的建议。#两会谈教育# 
其称，教育公平和就业平等是社会公平的重要基石。近年来，在研究生招生和就业过程中又出现了唯学校“出身论”的现象，各个高校存在类型、特色方面的差异，但不应成为深造录取和求职就业的门槛，不能成为用人单位进行人才评价的标尺。在招生和就业过程中这种唯学校“出身论”的现象危害很大，亟待破除。
因此他建议：一是健全完善相关法规政策，着重对招生歧视、就业歧视作出更加明确的禁止性规定，制订更加明晰、更为严格的处罚性条款；二是健全完善人才评价标准 健全以能力为导向的人才多元评价标准，消除学生档案、求职简历“第一学历”概念，破除对学校“出身”的显性和隐形限制条件；三是加强督查检查，全面清理纠正招生单位、用人单位出台的唯学校“出身论”不合法、不合理规定及做法；对涉及违法的，坚决依法查处；四是强化宣传引导 推动党政机关、事业单位、国有企业率先垂范，带头扭转“唯名校”“唯出身”选人用人导向，形成良好的社会示范效应。@九派新闻 
九派新闻的微博视频",教育
"【#清华大学开启AI助教模式#：2024年将开展100门人工智能赋能教学试点课程】#清华大学100门课程将开启AI助教试点# 3月5日，清华大学官方公众号发布《清华AI助教来袭！开启教学新时代》，文章内容显示，2023年9月28日，清华大学启动了人工智能赋能教学试点计划，其中8门课程试点，已有5门课的智能助教系统完成开发并投入使用。
这些AI助教系统不仅能够提供24小时的个性化学习支持、智能评估和反馈，还能辅助学生进行深入思考，激发学习灵感。
同时，文章称，2024年清华大学将开展100门人工智能赋能教学试点课程，利用人工智能辅助或深度介入课程打造人工智能助教、人工智能教师，持续创新教学场景提升教与学效率与质量，为高等教育的创新与发展注入新活力。
对此，你怎么看呢？#教育聊一聊# @白鹿视频 
白鹿视频的微博视频",教育
"【全国人大代表刘希娅：#建议降低生师比减轻教师负担#】#我给两会留个言#  今年全国两会期间，全国人大代表@刘希娅 表示减轻教师负担，提高教学质量，降低生师比是一项根本性机制。因此，她建议小学生师比由过去的20:1左右调整为13:1左右，初中生师比由过去的13.5:1左右调整为8:1左右。这样的发展方向可以促进中小学告别“大班额”，走向“小班化”，教师有更充裕的时间研究孩子，更从容地和孩子们相处，一起进行实践类学习，促进孩子们核心素养、综合素质的发展，有利于因材施教。通过调整生师比，将从根本机制上常态化全方位解决教师的工作负担，改善教师的生存状态，提升学校的课程教学质量，更好地促进教育优质均衡发展。#两会谈教育# @央广网 
央广网的微博视频",教育
【李瑞芳代表：#建议重视中小学教师心理健康#】#两会谈教育# 全国人大代表、云南省沧源县国门小学教师李瑞芳建议：①优化教师减负管理机制，明确教师的工作职责范围。②加强与卫生健康部门的协同联动，建立学校心理危机干预支持协作机制，定期为广大教师开展心理健康测评。③把心理健康作为教师任职资格的重要条件之一，新教师入职前进行心理测评，将不符合教师职业心理素质要求的人员排除在教师门槛之外。（@人民日报 记者叶传增）,教育
"【#高三学生超燃演讲现场热血沸腾#】#加油高考# 近日，内蒙古兴安盟乌兰浩特市，一学校为鼓舞高三学生奋战高考，举办高考倒计时现场演讲。当高三学生代表带领全体同学激情宣誓时，现场气氛瞬间被点燃。口号声声，愿各位高三学子在拼搏路上沉心静气，砥砺奋进，考出好成绩！@内蒙古广播电视台 
内蒙古广播电视台的微博视频",教育
【关于教育 2024年政府工作报告这样说】#两会谈教育# 第十四届全国人民代表大会第二次会议今天上午9时在人民大会堂开幕，国务院总理李强向大会作政府工作报告。政府工作报告提出，深入实施科教兴国战略，强化高质量发展的基础支撑。坚持教育强国、科技强国、人才强国建设一体统筹推进，创新链产业链资金链人才链一体部署实施，深化教育科技人才综合改革，为现代化建设提供强大动力。其中，关于教育的内容，大图如下—— @微言教育,教育
"【#委员建议内地增加一年制硕士#】#微观两会##两会谈教育# 3月4日下午，全国政协十四届二次会议在北京开幕。全国政协委员、香港岭南大学协理副校长刘智鹏在接受中新社采访时表示，建议内地增加一年制的硕士课程，以对应双需求。一方面是企业产业对人才的需求，第二是本科生对于进修的需求。（谢龙飞） 
中国新闻网的微博视频",教育
"【励志！#白发大叔健身36年状态满分赛超模#】陕西55岁的陈文胜坚持健身36年，练就了让普通人羡慕的身材。他不仅在1994年获得了健美比赛冠军，还受邀参加2023年中国西装先生的决赛，和比他小30岁的模特同台竞技，T台上的气场不输专业模特，获得完美绅士奖。陈文胜说，时间染白了头发，但运动让自己更自信。#教育的力量# @贰河视频  
贰河视频的微博视频",教育
"【甘华田委员：#建议实施10年义务教育#】#建议3岁以下儿童免费医疗# 全国政协委员、四川大学华西医院甘华田接受@中国新闻周刊 采访时表示，建议进一步降低家庭养育成本，降低教育费用，提供更多更优质的免费普惠初级教育，缩短中小学教育时间，建议从12年改为10年，实施十年制义务教育，缓解教育焦虑，提高生育意愿。此外，在医疗费用方面，甘华田建议，尽快实施0-3岁儿童免费医疗。#两会谈教育# 
中国新闻周刊的微博视频",教育
【李国华#委员谈小学生厕所社交# ：不能让一代人的童年回忆留在厕所】孩子们走不进操场，不能在走道里停留，甚至在教室里也只能坐在自己的位子上，被逼无奈之下只能躲进厕所里社交，即所谓的“厕所社交”——这是全国政协委员、民革上海市委副主委、上海市中华职教社副主任李国华近年来在工作和生活中观察到的独特现象。他呼吁：“不能让这一代人的童年回忆，就此停留在了厕所里。”李国华在调研中发现，迫使小学生进行“厕所社交”的原因主要来自两方面：一方面是学校对安全的顾虑，另一方面则是家长对学生的焦虑。#两会谈教育##我给两会留个言# @上观新闻,教育
"【#当大地春景美成了课本封面#】春花春水春意浓！绚烂金黄的油菜花，诗意般的海浪浅滩，春耕绘就的多彩农田……祖国大地春光正好，处处生机萌动。↓↓↓沐光而行，继续出发！#微博开学季# 
人民日报的微博视频
 ",教育
"#校方回应教室内布满摄像头#【教室内布满摄像头压力大？保定学院：数字化媒体教学设备】#学校教室每人头顶一个专属摄像头# 有学生发视频称，保定学院一教室内布满摄像头，“上课太有压迫感”。据报道，该校学生处回应，系书法、画画考试时使用。该校宣传部回应，是正常的数字化多媒体的教学设备。#芝士热亿点#  
澎湃新闻的微博视频
 ",教育
"【#建议取消高中学业水平考试科目#】#建议取消与高考重复的学业水平考试科目#十四届全国人大二次会议将于3月5日在北京人民大会堂开幕。全国人大代表张琼丽是湖北恩施高中一名政治教师，今年她关注与中小学生息息相关的领域，提出关于进一步优化普通高中学业水平合格性考试的建议。#两会谈教育#在高考之外，普通高中还有一项学业水平合格性考试，必须合格才能顺利毕业。这项考试包含了13科，即语文、数学、外语、思想政治、历史、地理、物理、化学、生物、艺术（或音乐、美术）、体育与健康、通用技术、信息技术。张琼丽表示，这其中有6门是高考科目，“实际上是重复的，学生既要参加高考，又要参加合格性考试。”
张琼丽说，“老师课业负担本来就重，还要组织监考，感觉就像是在考试之间疲于奔命。对于学生而言，合格性考试的难度其实很低，学生不是很重视，价值也不是很大。”因此，她建议对普通高中学业水平合格性考试进一步优化，取消普通高中学生已选6门高考科目的学考。@九派新闻  
九派新闻的微博视频",教育
【代表建议｜@刘希娅 ：建议解决义务教育阶段教师跨学科考编受限问题】#建议解决教师跨学科考编受限问题# 连任三届全国人大代表的重庆谢家湾学校党委书记刘希娅，针对素质教育推行困难的问题，就其中涉及的学前教育、未成年人保护、教育公平、义务教育课程设置等问题，连续多年提出相关议案或建议。澎湃新闻3月4日了解到，刘希娅在工作和履职调研中发现，目前义务教育阶段教师公开招聘存在教师报名条件专业要求过于窄化、跨学科考取编制受限、学校在教师招聘过程中话语权较小等问题，基于此，她今年向大会提交了《关于解决义务教育阶段教师跨学科考编受限问题的建议》。#两会谈教育# @澎湃新闻,教育
【#委员建议放宽35岁就业年龄限制#】#两会谈教育# 近年来，“年龄要求：35周岁以下”的招聘公告屡见不鲜，成了不少职场人找工作时绕不开的硬性要求。全国政协委员、民盟四川省委会副主委、四川恒和信律师事务所主任李正国称，“设置35岁职业门槛，首先是认知错误。”李正国举例，过往一段时间，部分行业员工“996”工作制常态化，超长加班对员工个人时间、身体都提出了较高要求，而部分用人单位片面认为35岁以下的人员在精力、身体素质等多个方面相比35岁以上的人员具有较大优势，故而优先招用35岁以下人员。在李正国看来，当前我国就业竞争激烈，许多年轻人为寻求稳定更愿意考公考编，导致体制内岗位竞争激烈。与此同时，我国人口逐渐进入负增长时代，人口红利逐渐消退，“35岁职场门槛”与社会发展趋势背道而驰。因此，他建议，“逐步适当放开公务员录用考试‘35周岁以下’的限制。”这将有利于对全社会就业或者再就业起到示范性作用，有助于解决就业市场上的年龄歧视。#建议适当放开公考35周岁限制#（@封面新闻）,教育
"【全国政协委员陈贵云：#建议整治校园形式主义#】#建议减轻教师的非教学负担##两会谈教育#全国政协委员、重庆市政协副主席陈贵云调研发现，很多中小学教师不仅承担了教育系统内部的检查、评比、打卡，还承担了创卫、垃圾分类、反诈、反腐宣传等非教学任务，给教师带来多重负面影响。他建议：
①完善学校非教学任务准入机制，非教学事务进入校园必须经本地教育领导小组批准并向全社会公示；
②健全监督机制，建立非教学事务进校园举报电话并向全社会公布，对查证属实情况的责任人进行处分；
③开展学校非教学任务问题专项整治。
（总台记者陈杨 伍黎明） @央视新闻",教育
"【千呼万唤始出来！#广西一中学上演教师轮C版上春山#完整版
】3月4日，“柳州铁一中学”发布视频，《上春山（轮C版）》，表演者是学校的3位老师。视频发出后很快就火了，评论区也很欢乐，“你们学校一看考点就抓的准”“连第三个唱的最好听都这么细节”“看似是唱歌实则是小品”#微博开学季#广西
 
钱江视频的微博视频",教育
"【#00后开始拒绝月经羞耻#】不再用黑色塑料袋装卫生巾，不用“姨妈”等代称指代月经，有的女生背包贴上“可以找我借卫生巾”的贴纸，有的女生在学校发起卫生巾互助盒的行动，现在的00后已经学会对月经羞耻说不，如今不仅是城市，乡村的女孩也逐渐学会坦然面对月经，有网友表示：是#该让月经羞耻灰飞烟灭了##教育聊一聊# 
星视频的微博视频",教育
"【洪明基委员：#建议中小学学制缩短到9年#】全国两会召开，全国政协委员@洪明基 发博表示，强烈建议中小学阶段学制缩短到9年。6岁上学，15岁高中毕业，19岁大学毕业后，学生可选择继续深造或进入社会。#建议用人单位和企业联合办大学#，根据社会需要重新编写教材，教学内容要根据时代常换常新。让孩子一进大学就知道自己将来干什么，理论学习和工作实践各占一半学时。#两会谈教育# 
未来网的微博视频",教育
【#杭州一小学开设共享头盔驿站#】“这些安全头盔可以借吗？刚出门匆忙，忘了给孩子拿头盔。”近日，去小学接孩子放学的张女士正在为忘记带孩子的安全头盔发愁，发现学校保安室门口摆放着“共享头盔”，赶紧上前询问。“可以啊！你去柜子里取一个儿童头盔，明天记得还回来就行。”杭州这所小学学校老师告诉张女士。本学期开学，小学新设了“校园共享头盔驿站”，为忘记戴头盔的学生和家长提供便利，这也是学校安全教育的一项有益探索。#微博开学季# @中国蓝新闻,教育
"#如何提高身边人的反诈意识# 【#怀疑对方AI换脸可以让对方摁鼻子#】电信诈骗分子或通过AI换脸、模拟变声等，假冒熟人进行诈骗，中国科技大学网络空间安全学院执行院长俞能海提醒，可以让对方摁鼻子、摁脸，观察其面部变化。（素材来源：央视科教频道 中国之声）#芝士热亿点# 
澎湃新闻的微博视频
 ",教育
"【#儿童化妆品乱象研究调查# 商家把成人化妆品卖给儿童】3月2日，据法制日报报道，记者近日调查发现，不少儿童在使用儿童化妆品，但一些儿童化妆品却在玩具店里销售，甚至出现在学校周边的小卖部中，其中一些声称给儿童使用的化妆品并无儿童化妆品标志，且未写明、提醒未成年人需在成人监护下使用。
在电商平台上，有不少销量很高的儿童化妆品套装在玩具店售卖，如“××宝贝高端玩具”，玩具类型为“过家家”，商品名称为“儿童化妆品玩具套装××”。在某店家的买家秀中，不少网友秀出了孩子涂抹口红、眼影等的照片，部分照片主角看起来是四五岁的学龄前儿童。根据相关规定，儿童化妆品均需要注明“注意事项”“特殊标志”，否则不得售卖。商家将非儿童化妆品向儿童售卖，显然属于违法行为。#教育有料# @五环短视频 
五环短视频的微博视频",教育
"【全国人大代表吴仁彪：#建议考研统一命题不是说全国一张卷#】2024年全国“两会”召开在即，全国人大代表，中国民航大学副校长吴仁彪建议：用高考经验改革硕士研究生初试方式。#我给两会留个言# 
硕士研究生初试减少自命题科目，尽量采取统一命题方式，由学科评议组和专业学位教指委统一选定考试参考书。各省市考试院分工协作，负责部分命题工作。
这一建议具有现实针对性和可行性。考研初试借鉴高考实行统一命题，可降低命题成本，并提高命题质量，解决自命题质量参差不齐的问题。
在实行统一命题的基础上，还可扩大学生的选择权，允许学生同时申请（填报）多所大学，由大学根据统一考试成绩、面试考查与学生的本科学业表现等进行综合评价、录取，扭转当前考研中存在的应试化倾向。#两会谈教育#（新京报）
四川观察的微博视频",教育
"#江西发现晚白垩世早期甲龙亚科标本#近日，中外科学家团队宣布在江西会昌县发现晚白垩世早期的甲龙亚科标本，并将其命名为英良达泰龙。甲龙类因从头到尾有大量的骨板覆盖，常被称为“坦克龙”，其中的甲龙亚科成员尺寸较大、头身较宽，并具有发达的尾锤。而达泰龙独有的特征是脸颊两侧有一对小型的轭骨/方轭骨角，并向外伸展。这两只达泰龙个体化石系村民进行道路开挖施工时偶然发现，后由福建省英良石材自然历史博物馆主持清修保护并开展科研工作。#未知行走实验室# 
新京报教育新闻的微博视频",教育
"【满满当当！#大学生开学的行李箱里都装了啥#】#女生返校为室友带60多斤特产# 近日，黑龙江哈尔滨，女生跨越3000多公里，为室友带60多斤家乡特产，行李箱里满满都是爱。 视频发布者相同学表示：室友从广西到哈尔滨3,000多公里，带回来的都是特产，行李箱有60多斤重，带的全都是吃的，没有衣服。打开箱子给我们一一介绍的时候，特别感动，室友说不能委屈我们的嘴。#微博开学季#  
麦穗视频的微博视频",教育
"【#大三男生黄鹤楼摆摊拍照月赚8000元#：已经半年没向家人要生活费
】3月1日，湖北武汉。03年学护理专业的龚同学在司门口地铁口，做摄影师给游客拍打卡黄鹤楼的照片。龚同学表示，有一次来到这里看到好多摄影师在这里拍照挣钱，刚好自己也热爱拍照，就拿着相机也来这里拍照了。自己在这里有半年的时间了，旺季的时候最高一个月能有七八千，因为做这个实现了经济独立，半年没向家里要生活费，实现了用爱好养活自己。#职向未来# @搜狐千里眼 
武汉
 
搜狐千里眼的微博视频",教育
"【#十年前种下的种子真的能开出花##女生联系10年前支教老师收到暖心回复# 
】近日，一则求助帖引发关注，发帖人小云表示自己马上大学毕业，不知道该不该给十年前的支教老师打电话表达她的感谢和问候。在网友们的鼓励下，小云鼓起勇气给支教老师们发了短信，很快她收到了其中一位老师的回复：“我的联系方式一直没变，就是希望有朝一日还有人能找到我”。据了解，这位支教老师名叫朱少鹏，2016年毕业于厦门大学，2013年朱少鹏参加了暑期“西部行”支教活动。网友：十年前种下的种子真的能开出花！#你好老师#厦门
 
大众网的微博视频",教育
"【#点读机女孩术后进ICU观察#】#点读机女孩称肿瘤是良性的# 3月3日，点读机女孩 @高君雨 在微博发视频报平安：谢谢大家的关心和鼓励，肿瘤是良性的，术后还需要在ICU观察几天，请大家不必担心。
此前，她曾发视频称自己患上罕见脑瘤，并录下了剃光头发的过程，表示将进行手术。#芝士热亿点# 
高君雨的微博视频
 ",教育
"【#117名中学教师考出救护员证#】近日，杭州某中学117名老师考取救护员证。就在几个月前，该校一位男生在大课间时突然倒地不起，呼吸、心跳骤停。老师们上演了堪称“教科书式”的院前急救。校长称，学校所有老师都参与了培训，这个学期，考虑让同学们参与到实操培训中来。（钱江晚报）#你好老师#  
人民网的微博视频",教育
"#女孩用笔卷发引发怀旧潮流# 2月29日，河南。被学习耽误的小小美发师，女孩在教室里用笔卷头发，仿佛看到了小时候的自己，无忧无虑的年纪就是好。 #微博开学季# @星耀视频 
星耀视频的微博视频
 ",教育
"【#初中女生改编三角函数变洗脑说唱#】近日，初中女生“爆改”三角函数，复杂公式变洗脑rap，越听越上头。网友纷纷表示，数学学出新境界，听完十分洗脑，就是唱得太快笔记跟不上啦。@西部决策 #微博开学季#  
西部决策的微博视频
 ",教育
"【#小学课外题把大学生CPU干烧了#】#微博开学季# @CCTV1开讲啦 现场，一位大学生分享了一道差点难倒自己的小学语文课外题。戳↓↓#这首怪体诗到底该咋读#？评论区写下你的答案
央视新闻的微博视频
   龙  虎虎  望  山山山  湖湖湖湖湖  海海海海  会  仙仙仙仙仙仙仙仙 ",教育
"#中国留学生参加搏击被打成植物人#【#母亲回应儿子留学打搏击赛成植物人#：不知道自己死后儿子该怎么办】2月29日据加媒，据加媒《The Canadian Press》在加拿大攻读化学博士的中国留学生雷震寰在一场搏击比赛中被打成植物人，几乎无康复可能。去年10月，雷震寰报名参加了在西蒙菲莎大学举办的“踢拳锦标赛”。组织者承认，一名职业运动员被列入新手组。14日，两人对打，这名运动员在规则之外对雷多次击打，但裁判未介入。雷输掉比赛疑似受伤，却被送往下一个对手，第二轮对手的打击也超出“轻”和“可控”规则，雷继续被送去了第三轮比赛。之后，他开始呕吐，意识不清，90分钟后救护车才赶到。等待期间，雷实际上经历的是脑出血。雷震寰妈妈在去年10月飞抵加拿大，已于本月带儿子飞回北京治疗。“我儿子在单亲家庭长大，他是我唯一的孩子。在他即将完成博士学位时，希望破灭了。”让这位单亲母亲绝望的是，不论官司能不能寻求正义，她不知道自己死后儿子这个样子该怎么办。#芝士热亿点# @九派新闻 
九派新闻的微博视频",教育
"【#点读机女孩发视频称手术很成功#】#小时候哪些广告让你记忆犹新#？ 3月2日，点读机女孩高君雨在社交账号发视频报平安：手术从早上7点到晚上19点，进行了12个小时，好在手术很成功，大家不用担心。#芝士热亿点#  @西部决策  
网页链接
 ",教育
"#小孩姐和茶树菇杠上了#【#萌娃专心吃茶树菇五官都在用力#】2月25日（发布）广东，萌娃专心吃菇五官都在用力，网友：今天就算是钢筋也得断！
 #你好我的小孩# 
齐鲁晚报的微博视频
 ",教育
【一图速览！数读中国2023教育事业】#教育有料# 3月1日，教育部召开新闻发布会，介绍2023年全国教育事业发展基本情况。会上介绍，2023年，全国共有各级各类学校49.83万所，比上年减少2.02万所，下降3.9%；各级各类学历教育在校生2.91亿人，比上年减少151.26万人，下降0.52%；专任教师1891.78万人，比上年增加11.42万人，增长0.6%。#教育部将增加专硕招生规模# #微博开学季#,教育
"【惊呆了！#安徽宝妈晒儿子3800元学唢呐成果# 】#安徽萌娃版西游记太硬核# 近日，安徽。宝妈分享儿子3800元报唢呐班的学习成果，一首《通天大道宽又阔》气势十足，尤其他的神情更是夸张喜人。网友：咱要不再花3800报个表情管理？#课外提升指南# 
齐鲁电视台的微博视频
 ",教育
"【#公安开学反诈Rap高燃来袭# 】开学反诈小提醒，2月29日，河南郑州，登封公安为学生及家长们，准备了一份“开学反诈小提醒”，一首高燃动感反诈Rap，教会你告别骗子。#微博开学季#   
猛犸新闻的微博视频
 ",教育
"【#点读机女孩自称患罕见脑瘤# 】“哪里不会点哪里，so easy，妈妈再也不用担心我的学习。”10多年前，@高君雨 因一则点读机广告走红，成为大家都熟知的“点读机女孩”。高君雨高中通过中国传媒大学艺考后，以568分考入中传。“中国传媒大学，再续费三年哦！”2022年9月，还在中国传媒大学读大四的高君雨发布视频，宣布收到保送到本校传播学国际传播方向研究生的消息。高君雨曾告诉红星新闻记者，父母从未担心过她的学习。
去年6月3日，高君雨晒出一段视频，透露自己因为生病暴瘦15斤，身体不好让她很焦虑。今年2月29日晚，已半年多未更新动态的“点读机女孩”高君雨在其个人账号上发布视频，视频中她称自己患上罕见脑瘤，并录下了用电动剃刀剃光头发的过程，视频背景疑似在医院病房。高君雨还发文称“接下来就要手术了，大家等我的好消息！”红星新闻记者尝试联系高君雨及其母亲，但截至发稿暂未获得回复。#点读机女孩称为保研熬夜患病已久##芝士热亿点# 
红星视频的微博视频",教育
"【#教体局回应强制教师购买农产品#自愿购买不强制】2月29日，江西上饶，网曝广丰区教体局为完成任务提升排名，要求全区中小学教师购买1000元农产品，被工作人员通过“上饶12345”投诉。网传截图显示，为提升区农产品线上销售在全省的排名，落实各工会会员的职责和配合力度，在有效时间节点内加紧推动农产品线上销售工作，就工会下单提出工作要求。对此，广丰区教体局工作人员称：农产品促销有三种方式，并无强制购买现象存在。强制购买情况属于发布者断章取义，正在着手处理此事。目前，学校已向购买者进行解释，并会将情况报告上级部门。#芝士热亿点# @点时新闻 
上饶
 
点时新闻的微博视频",教育
"【点赞！#11岁女生创作短视频传承吴侬软语#】11岁的邱亦稼是小学四年级学生，去年7月，她和父亲邱少卿创作推出《苏州话900句》系列生活短视频，逗趣的语言风格、幽默而温馨的情境设置，视频发布后，在网络走红，最高一条收获了160多万点击量。这对父女表示，希望用自己的方式传承苏州话，守护那份乡音。#你好我的小孩# @蟹视频 
蟹视频的微博视频",教育
"【#四川公布最新高考等级赋分办法#】#加油高考# 2月28日，四川省教育考试院公布了《四川省普通高中学业水平选择性考试科目等级赋分办法》。办法指出，学生可在思想政治、地理、化学、生物4门学科中选2门参加考试，每科满分100分，以等级分计入高考总成绩。@四川日报（川观新闻记者  江芸涵）
四川",教育
"【#女生发短信联系10年前支教老师获回复#：就是希望有朝一日还有人能找到我，说一句，好怀念那时候的日子】2月27日，一则“我应该给十年前的支教老师打电话吗？”的求助帖子在社交平台瞬间引发数千名网友热评。#厦大支教老师回应收到10年前学生短信#发布该帖的网友表示，她偶然翻到了十年前厦大支教老师的联系方式，现在她马上要大学毕业了，很想告诉几位老师自己现在过得很好，不知道是否该打出这个电话。在网友的鼓励下，她给这几个电话发去了短信。很快，“后续”来了。10年前的号码仍然有效，她立马收到了其中一位老师的回复：“我的联系方式一直没变，就是希望有朝一日还有人能找到我，说一句，好怀念那时候的日子。”
2月29日，@厦门大学 官微也发布报道这一事情，文中称这位十年前的老师，是厦门大学艺术学院2012级的学生朱少鹏，因为自己也出身于西北小县城，一直想为西部的孩子们提供帮助。2013年，他参加了厦门大学暑期“西部行”支教活动，前往甘肃裴家营镇中心小学支教。结束支教后，他时不时会接到学生打来的电话。怕学生联系不上他，就一直留着最初的号码。
随后，该博主也更新后续表示，联系到了十年前的支教老师，老师还留着很多当时的照片，并回答了这段经历带给自己的影响：因为我一路遇见的所有老师们精心照顾一颗小小的种子，浇水施肥，所以我才能生根发芽，开出属于自己的花。#你好老师# @白鹿视频 
白鹿视频的微博视频",教育
"【蒋胜男委员：#建议减轻中小学教师行政压力#】#怎样为中小学教师减负# 全国政协委员蒋胜男关注到，许多中小学教师每天要完成各种任务过多，包括各种活动、检查、APP下载、打卡、拍照、公开课等，导致没有足够时间提升教学质量，关心学生心理成长变化。#两会谈教育# 
蒋胜男指出，中小学教师是教育工作的中坚力量，他们所承受的行政压力直接关系到教育减负政策的实施效果。如果教师的行政压力无法得到缓解，教育减负政策将难以真正落地生根。这不仅会影响中小学教师的工作积极性和教学质量，还会将压力转嫁到广大学生及家长身上，对下一代的健康成长造成潜在威胁。
因此，建议采取切实有效的措施减轻中小学教师的行政压力，让他们能够专注于教书育人的本职工作。同时，坚决反对任何形式的转嫁压力行为，确保教育部门的工作不受外界干扰和压力的影响。 
中国新闻周刊的微博视频",教育
"【#把大学上成了走读妈妈怎么看#】#微博开学季# 近日，辽宁。女儿上大学离家太近，昨天刚开学，今天就回家躺着了，妈妈表示很“抓狂”！网友：硬是把大学上成了走读#教育聊一聊#  
陕视新闻的微博视频
 ",教育
"#大学生找兼职3天赚1万成诈骗帮凶#【#大学生悔涉电诈因在校表现没被起诉# 检察机关：引导他开展反诈宣传】此前，江苏的王某高考后想要趁假期做一些兼职，于是在网上找到“日结工资1000元”的工作，只需提供身份证和银行卡帮别人刷银行流水。王某干了3天就赚了近1万元，眼看账户中资金进出量越来越大，王某察觉不对劲辞职。之后，诈骗受害人报警后，警方根据资金流水将王某抓获。检察院调查发现，王某为在校大学生，在校表现良好，案发后积极悔过，当即决定启动社会公益服务机制，最终对其出不予起诉的决定。（零距离）#芝士热亿点#  
荔枝新闻的微博视频",教育
"考研
 【好棒！#女生二战考研成绩提高102分#】近日，江苏淮安的徐晶晶晒出了自己连续两年考研的成绩单，今年424分的成绩比去年提高了102分。去年，因为考研成绩和服从调剂学校不理想的她选择了再次出发，经过又一年的努力，最终苦尽甘来，考研成绩排名 @苏州大学 相关专业第二。徐晶晶说，考研最重要的是心态，要享受这个过程，也特别感谢爸妈的支持和鼓励。 #下一站是上岸站# 
贰河视频的微博视频",教育
"【颜值和实力并存！#90后帅小伙拿下国际烹饪大赛金牌#】在2月26日落幕的第26届IKA世界奥林匹克烹饪大赛中，浙江宁波小伙綦强、阎晗分别荣获世界级烹饪比赛大奖团队金牌和个人金牌。值得一提的是，綦强所在的队伍作为唯一一个参加比赛的中国团队，拿到了迄今为止中国唯一的一个团队金牌。阎晗妈妈曾表示，在儿子还不识字的时候就认得菜名了。綦强也是从小对美食很感兴趣。网友：因为他多认识了一个字！#职向未来# @河畔视频 
河畔视频的微博视频",教育
"【民进中央：#建议减轻教师非教学负担#】全国两会召开在即，民进中央《关于减轻教师负担 让教师潜心教书育人的提案》指出，目前，中小学教师减负“不到位、不彻底”问题仍比较普遍，负担过重现象依然存在。主要问题有：行政任务转嫁给学校，学校和教师不得不承担临时性增量任务；名目繁多的评比和由此带来的检查打乱了学校的工作节奏，扰乱教师的心态；家庭照顾性工作转移给学校，造成教师额外工作量和心理负担；教育系统自我加压，给学生加课时、集体补课等加重教师负担。#两会谈教育#  
为此，民进中央建议：①深化教育领域“放管服”改革，充分保障中小学校办学自主权；②优化管理流程，强化技术赋能，切实减轻教师非教学负担；③维护教师正当权益，避免教师承担“无限”责任；④健全引导教师潜心育人的评价制度，让教师从超负荷教学、学生从超负荷学习中解放出来，实现全面成长。@中国新闻周刊 
中国新闻周刊的微博视频",教育
"【#警察和小朋友合力帮老人推三轮车#】近日，云南磨憨，因链条脱落，老人推着三轮车在上坡路上艰难前行。刚出警返回的民警见状立即下车帮忙，刚放学准备回家的两个小学生也跑过来帮忙。事后民警来到两个小男孩所在的小学，为他们颁发奖状。为温暖善良的你们点赞！#你好我的小孩# （新华每日电讯） 
人民网的微博视频",教育
"【#大学生用奶茶袋子包书皮#】#你小时候用什么包书皮#近日，在江苏南京。大学生用奶茶袋子包书皮，直接可以拎着书上课。网友：不是书皮买不起，奶茶袋更有性价比！#微博开学季# （新华网）
新华网的微博视频
 ",教育
"【#5岁男孩第一次独自睡觉哭着加油#】近日，辽宁，5岁男孩第一次尝试自己睡觉，哭着给自己加油的样子超可爱！网友：看得出他做了很久的心理建设。#你好我的小孩# 
人民网的微博视频
 ",教育
【全国人大常委会委员：#建议启动中小学教师在职学历提升计划#】#两会谈教育#全国人大常委会委员、北京师范大学教授庞丽娟：我将建议国务院相关部门抓紧统筹谋划，在总体提升中小学教师入职学历门槛的同时，加快研制出台推进在职教师攻读高一级学位的重大政策，启动实施新时代中小学教师在职学历提升计划。由教育部会同财政部、人社部等相关部门，改革目前单一化、大一统的主要面向高校应届毕业生的全国硕士研究生统一招生考试制度，对潜心从教5年以上且有专业深造愿望的基础教育教师，实行申请-审核制，有力支持广大教师在职攻读硕士学位。（人民政协报）,教育
"【#教育局回应女老师打骂学生#】2月28日（采访），湖南湘潭。网友曝出湘乡市栗山镇金泉学校，女老师因为学生不会做题打骂学生。对此，湘乡市教育局工作人员回应称：“马上会去落实情况，如果属实绝不姑息。”#女教师办公室殴打学生#（猛犸新闻）#芝士热亿点# 
猛犸新闻的微博视频
 ",教育
"【#镇政府回应女教师办公室殴打学生#：已成立工作专班跟进此事】#教育局回应女老师打骂学生# 2月28日，湖南湘潭。网传一学校女教师在办公室殴打学生，视频中该老师暴力推耸、打骂学生，将学生作业本摔到地上。湘乡市栗山镇人民政府工作人员回应称，已经了解到此事，市里高度重视，已经成立了工作专班在跟进。至于一些比较细节的问题，以及最后的处理结果，还要以官方核查通报为准。#芝士热亿点# @白鹿视频 
白鹿视频的微博视频",教育
"【#95后乡村医生和奶奶们处成闺蜜#】#95后女生毕业后回到大山做村医6年# 甘肃定西。汪姝丽是岷县秦许乡卫生院的一名基层医生，毕业后刚到卫生院时她并不适应，心态的转变源自老院长的影响。很多来看病的老人没带够钱就会去找老院长借，每次碰到赶集或者看病的老人，老院长都会捎他们一程。汪姝丽觉得在基层医生和患者之间的情感联结更紧密，她经常下村为老人们拍照，汪姝丽觉得条件虽然艰苦，却能得到一种“巨大的、持久的、不可描述的幸福感”。 #职向未来# 
麦穗视频的微博视频",教育
"【#专家称学校不为研究生提供住宿属正常#】近日，据@凤凰网财经 报道，根据教育部公布的数据，2016年，全国研究生招生数为66.71万人，2022年，研究生招生人数扩至124.25万人，几近翻倍。2022年，我国在学研究生已达365万人，总规模位居世界第二。#高校专硕招生人数九年涨超45万#。随后研究生多到无宿舍可住再次引发热议。
梳理发现此前北京大学、南京大学、复旦大学等多所高校在2024年硕士研究生招生简章中也明确不为部分研究生提供住宿。
针对多所高校宣布不予安排住宿的现象，中国教育科学研究院研究员储朝晖曾表示“从高校本身的功能来说，我认为，学校不为研究生阶段的学生提供住宿属于正常情况”，并认为这主要有两个方面的原因，一是招生规模扩大，住宿资源有限，二是考虑到硕士生作为成年人自己住宿风险较低。
此外，储朝晖还提到，提供住宿是高校的辅助功能，在过去的计划体制下，高校为管理更加有效而提供住宿，而从高校长期发展的角度来看，不提供住宿应该属于一种常态。对此，你怎么看呢？@白鹿视频 #教育聊一聊# 
白鹿视频的微博视频",教育
"【#新疆小女孩跳热巴春晚同款舞# 】近日，新疆一小女孩跳迪丽热巴春晚同款舞蹈，又美又萌。网友：她好像洋娃娃！#你好我的小孩#  
中国妇女报的微博视频
 ",教育
"#研究生多到无宿舍可住#【#有研究生年房租加生活费是学费6倍# 】#教育聊一聊# 2014年起，北京师范大学不为部分专业硕生提供宿舍，2020年之后，这一范围扩大至北京师范大学北京校区的全体专硕生。考上专硕，即需租房，虽然对此早有预期，仍有不少同学选择兼职以减轻经济负担。“学校附近的单间，合租价格在2000—4500元，2000元的单间几乎只能放下一张床，走路都困难。”古明选择了一间3000多元/月的三室合租房，加上生活费，一个月花费接近6000元，一年的花费是学费的6倍。根据教育部公布的数据，2016年，全国研究生招生数为66.71万人，2022年，研究生招生人数扩至124.25万人，几近翻倍。2022年，我国在学研究生已达365万人，总规模位居世界第二。（经济观察报）@凤凰网财经 
凤凰网财经的微博视频",教育
"【#1岁娃独立穿假肢16分钟成功站起#】2月26日，江苏南京。1岁宝宝第一次自己穿戴假肢，在妈妈的鼓励下成功穿上并站了起来。孔女士介绍，宝宝因先天性羊膜束带，一出生就缺少右腿和部分手指。从10个月大就开始穿戴假肢，前后已经换了4个假肢。之前是大人每天帮她穿，这是她第一次尝试自己穿假肢站起来，花了近16分钟。宝宝还有1个月就满2岁了，未来还有很多第一次需要她去挑战，希望她可以自信勇敢，妈妈会一直在身后鼓励她。#你好我的小孩# @白鹿视频 
南京
 
白鹿视频的微博视频",教育
"【#多家韩媒警告百所小学零新生现象#：将迎来巨大拐点】2月底到3月初是韩国小学春季开学期，各地学校的迎新场面十分冷清。26日，多家韩媒报道小学“零新生”现象，并警告“韩国的小学将在今年迎来巨大拐点”。《韩国日报》报道称，这批即将入学的小学生出生年份大都在2017年。2017年对韩国来说非常“特殊”，是该国“人口悬崖”趋势开始的一年。《韩国日报》向17个市、道教育部门询问的结果显示，截至2月13日，今年韩国有176所小学连一名新生都没招到，这一数字与去年145所相比大幅增加。（参考消息） 
封面新闻的微博视频
 #韩国今年176所小学没招到新生##教育聊一聊#",教育
"【民进中央：#建议与教育教学无关的活动一律不能进校园#】今年全国两会，民进中央拟提交《关于减轻教师负担 让教师潜心教书育人的提案》。针对教师负担过重的问题，民进中央建议，完善学校非教学任务准入机制，实行目录清单制度，未经批准的督查检查、考核评比、创先争优等活动，与教育教学无关的调查测评、网络投票、普查统计、信息填报等活动一律不能“进校园”。（中青报·中青网记者 李华锡）#两会谈教育#教育
 
中国青年报的微博视频",教育
"#女生考研失败含泪阅读给自己的一封信# 【女生考研失败称努力过对得起自己，无论如何生活还在继续，向前看
】#考研结果重要还是经历重要# 2月26日，浙江。一女生考研失败含泪阅读给自己的一封信，信中写道：如果你现在成为了准研究生，那么恭喜你。如果还没有，也请你不要气馁。能坚持下来，本来就是一件很了不起的事。无论是否上岸，请你都不要忘记感恩和自谦，因为单靠考上研不能证明一个人是否成功，你的路还很长要学习的还很多。当事人称无论如何生活都还在继续，过去的一年有努力过，有过美好的经历和回忆，也算对得起自己。#教育聊一聊#  @梧桐Video 
浙江
 
梧桐Video的微博视频",教育
"【小调查：#你觉得中小学教师课外负担重吗#？】#人民网三评教师减负# 2月27日，人民网网络评论部@人民网评 发文谈教师减负。#教育聊一聊#文中称：一段时间以来，“中小学教师课外负担重”等话题，持续引发社会广泛关注，新学期伊始，这类话题又打开了讨论窗口。从事任何工作，都会有压力，教师当然也不例外。但是，现实中社会事务加重教师负担的问题确实越来越突出，甚至已经影响部分教师正常开展教学活动。据中国教育科学研究院教师发展研究所与光明日报发布的联合调研结果显示，教师的非教学工作量增加，占用了过多时间精力。其中，60.8%的受访教师表示，参加各类检查考核、创建活动等非教育教学工作量“明显增加”或“增加”。
此外，文中还提到：客观地说，教师适当承担一定的社会事务，也是在履行社会责任。但是，教师的主职是教书育人，对教师而言，超负荷的运转，尤其是各种与教学不相关的事务，不仅会降低教师的职业认同感和幸福感，带来不良生理和心理压力，还会导致教师投入备课和教学的时间精力相对减少，影响教学质量和学生全面发展。
文中最后总结到：教育是一个静待花开的过程，只有把教师从繁重的压力中解放出来，使其安心从教、热心从教、舒心从教、静心从教，他们才能更好地肩负起传道授业解惑的重任，在教书育人岗位上为党和人民事业作出新的更大的贡献。 
 
网页链接",教育
"#人民网三评教师减负##微博开学季#【人民网三评“教师减负”之二：措施无法落实，谁之过？】近年来，为“教师减负”一直是教育领域的热点、焦点话题，更是一个痛点、难点问题。
事实上，为“教师减负”的步伐，多年来从未停下，也并非没有政策举措。从中央到地方，都出台了一系列政策、文件和举措。2019年，由中共中央办公厅、国务院办公厅印发《关于减轻中小学教师负担进一步营造教育教学良好环境的若干意见》，2022年，国务院教育督导委员会办公室发布《关于禁止向学校摊派与教育教学无关的“涨粉”“评比”“推销”等指令性任务的通知》……然而，教师肩上的社会事务缘何依然沉重？
从宏观层面全面部署减负举措，到微观层面针对加重教师负担的具体事项出台明确的禁令，再到各地发布为“教师减负”的清单，足见各个层级对于“教师减负”的重视程度。但从现实来看，虽然有一些进展，但是效果并不尽如人意。一些地方和部门出现了“减负清单明明白白，增负工作做得扎扎实实”，甚至“越减越肥”的现象，一些地方教育行政部门用“减负文件”落实“减负文件”，用“具体规定”执行“具体规定”，以“形式主义”应付“形式主义”，让教师苦不堪言。
大量的社会事务压向学校、压到教师头上，所呈现的是形式主义向学校转移的趋势，而学校作为相对弱势的一类组织，在这种转移、转嫁的趋势面前更难以抵挡。换而言之，为“教师减负”的相关举措之所以落实不到位，与社会层面存在的形式主义问题密切相关，毕竟学校并非生活在真空的社会环境中。来自行政体系的任务、负担一件件转嫁到教师头上，聚沙成塔，成为教师难以承受之重，挤压了教师履行教书育人主责主业的时间和精力，并表现得异常突出。
落实不力，还在于相关举措缺乏有力的惩罚机制。因此，要加大督导检查问责力度，真正发挥督导“长牙齿”作用，将“教师减负”成效纳入各级政府履行教育职责评价体系，督促各地真正落实减负清单，对落实不力的地区严肃查处，督促整改落实。
调研显示，“教师减负”配套政策改革迟滞、人员短缺、教师自身专业知识和能力素质有待提高等也是教师负担难减轻的原因。调研中，各界一致认为：减少教师所承担的社会事务，是为了把时间更多地留给教师用以教书育人，巩固并扩大“双减”来之不易的改革成效，悉心培养更多优秀人才。
总而言之，各地在贯彻落实“教师减负”工作中，必须杜绝形式主义，真抓实干、久久为功，才能取得良好的实际效果，让校园成为读书和教学的一片净土。#教育聊一聊# @人民网",教育
"#人民网三评教师减负##微博开学季#【人民网三评“教师减负”之一：不能承受之重，谁理解？】“网络学习积分、普法考试，各种教学以外的任务数不胜数”“消防安全、防溺水、反诈、打疫苗、买保险，统统都是老师的任务，令人身心俱疲”……这样的忙碌，是个案还是“群像”？一段时间以来，“中小学教师课外负担重”等话题，持续引发社会广泛关注。新学期伊始，这类话题又打开了讨论窗口。
从事任何工作，都会有压力，教师当然也不例外。但是，现实中社会事务加重教师负担的问题确实越来越突出，甚至已经影响部分教师正常开展教学活动。据中国教育科学研究院教师发展研究所与光明日报发布的联合调研结果显示，教师的非教学工作量增加，占用了过多时间精力。其中，60.8%的受访教师表示，参加各类检查考核、创建活动等非教育教学工作量“明显增加”或“增加”。不仅如此，“扫黄打非”宣传教育、禁烧秸秆宣传、家庭情况摸底、强制下载各类App、视频学习打卡、截图拍照留痕、填表造册、卖保险、催缴医保，统统压到了教师头上。有校长统计，最多的一年收到过4000多份来自各个部门的文件。还有校长感慨，“世界上所有的事（好像）都能关系到我们。”
由此可以看出，不少教师感到压力重重，面临的额外工作负担既来自教育内部，也来自教育外部。如，少数地方的党委、政府仍存在形式主义和官僚主义倾向，“口头上”和“文件中”重视减负，实际仍将本部门工作层层加码给学校；部分地方政府相关部门协同机制未建立，各类“进校园”事项审批制度不完善，监督制约、评估监测等难落地。
客观地说，教师适当承担一定的社会事务，也是在履行社会责任。但是，教师的主职是教书育人，对教师而言，超负荷的运转，尤其是各种与教学不相关的事务，不仅会降低教师的职业认同感和幸福感，带来不良生理和心理压力，还会导致教师投入备课和教学的时间精力相对减少，影响教学质量和学生全面发展。在接受调研的教师中，表示“不愿意继续从事教师职业”者占比达35.5%，“比较不愿意”占比26%。
减少非主责主业的工作任务，是中小学教师群体一直以来的心声与诉求。“最能治愈我的，就是上课；最让我感到满足的，就是学生的进步。”网络上，一位老师的心声令人感慨。教育是一个静待花开的过程，只有把教师从繁重的压力中解放出来，使其安心从教、热心从教、舒心从教、静心从教，他们才能更好地肩负起传道授业解惑的重任，在教书育人岗位上为党和人民事业作出新的更大的贡献。#教育聊一聊# @人民网",教育
"四六级
 【真的会崩溃！#英语四六级424是什么含金量#】2月27日上午6时，开通查询2023年下半年全国大学英语四、六级考试成绩。参加考试的考生，纷纷起个大早查询成绩，当看见#英语四六级424距离过线仅1分之遥#，瞬间崩溃。如对成绩有异议，可按规定进行分数核查！网友称二战六级，结果考了424，真的崩溃了。#四六级成绩# @梧桐Video 
河南
 
梧桐Video的微博视频",教育
"【江西一地规定#彩礼不超3.9万子女可优先入学# 是否影响教育公平？】近期，江西崇义出台了“零彩礼”“低彩礼”家庭礼遇机制，给新人家庭提供子女入学、交通出行、健康体检等方面的正向激励。其中有这么一条，男方给女方的聘礼礼金为零或不超过3.9万元就可以视作“零彩礼”“低彩礼”，他们的孩子持礼遇卡可在学前、义务教育阶段，按照第一顺序择校入学。将彩礼和入学优惠政策绑定，这一招看着格外扎眼，新闻一出就引发了不小的争议。#教育聊一聊#  
看看新闻KNEWS的微博视频",教育
"【#13岁男孩用压岁钱请130名环卫吃饭#】2月27日，河南商丘。13岁初一男生张宸赫在奶奶秦登秀的陪伴下，天不亮便来到爱心早餐点，捐出500元压岁钱请环卫工们吃饭。据张宸赫同学称，自己在大年初一时，看到环卫工们起早贪黑为这个城市服务，真的深受感触，便想着拿出一部分用它做一件有意义的事，希望更多人加入到爱心早餐这个团队中来。#你好我的小孩# @搜狐千里眼 
搜狐千里眼的微博视频",教育
"【#新疆男生返校不想带馕奶奶急了#：这可是新疆人离家必备干粮】2月21日，新疆喀什。大学生返校不想带馕，75岁奶奶急得连声唠叨。当事人米同学称，自己在广州上大学，因返校路途遥远，妈妈就给自己装了很多零食。行李箱很重，但奶奶还是希望自己能带十几个馕，说这是新疆人离家必备的干粮。当时自己想逗逗奶奶，故意说不想带馕，奶奶就很着急，连续唠叨了3分钟左右，最后自己带了2个馕在路上吃。#微博开学季# @白鹿视频 
喀什市
 
白鹿视频的微博视频",教育
"【#合唱团男孩每天辅导妹妹盼她走出大山#】11岁男孩朱海是四川凉山一合唱团的成员。在合唱团学习的他，每天回家不忘将自己学到的知识教给9岁妹妹朱五几。开学第一天，男孩在领到开学礼物的时候表示也想给妹妹领一份。在接受采访时，朱海说，自己看到外面的世界，也知道了学习的重要性，所以不希望妹妹落下。“希望妹妹能够通过自己的努力走出大凉山，去见识更广阔的天地。”朱海所在的喜德县果果合唱团，2020年9月在凉山彝族自治州喜德县鲁基乡中坝村成立，成员来自当地公立小学的学生。自成立以来，孩子们多次登上全国舞台，其中包括参加2023兔年央视春晚，演出了开场歌舞《花开种花家》等。#凉山11岁男孩开学愿望是妹妹走出大山##你好我的小孩# 
红星新闻的微博视频",教育
"【#清华大学澄清停招土木工程专业#：纯属误解，为教育改革中的正常专业更新】近日，多个自媒体账号称清华大学停止土木工程专业招生，引发网友关注。2月26日，清华大学回应称：这纯属误解。清华大学自2017年起实施大类招生培养与管理，部分招生专业名称发生变化（详见清华大学本科招生网），原来的土木、水利以及工程管理等单一专业已合并使用“土木水利海洋工程”的大类专业名称，不再单独招生。这是教育改革中的正常专业更新。#微博开学季#  
沸点视频的微博视频",教育
"【整整齐齐“占领”高铁站！#什么队伍还要大学生亲自排#】2月25日，浙江庆元。正值开学返校高峰期，在火车站候车期间，大学生面对漫长的等待，巧妙地采用了“以箱代人”的办法，本应成排的大学生变身成了整齐有序的行李箱。网友：什么队伍还要我大学生亲自排！去吧，行李箱酱！#微博开学季# @陕视新闻 
陕视新闻的微博视频",教育
"【#爸爸每周给29岁女儿备好一周饭菜#父母眼中我们永远都是孩子】湖南长沙，爸爸每周备好20余份预制菜送到29岁女儿家。爸爸邹先生介绍，自己和女儿不住在一起，女儿因为工作忙经常随便凑合一顿。担心她的身体，便利用周末不上班的时间给女儿做饭，每天按照三四个菜的量，一周二十几个菜，做好后给女儿送去。身边有人对他这种做法表示不认可，觉得他女儿已经29岁了，不应该再让父母照顾，邹先生称，在他的眼里不管女儿多大都是个小孩，父母疼小孩也是应该的。#你好我的小孩# 
山海视频的微博视频",教育
"【#70岁爷爷为俩孙女做高跷防手机沉迷#】近日，新疆哈密。冯先生带着两个女儿看望爷爷，而回到老家后，两个女儿却一直在玩手机。木匠出身的爷爷见此情状，便花了4个小时制作两副高跷给孙女玩，不仅防止两个孙女过于沉迷手机，还能传承传统文化。据冯先生表示，两个女儿很喜欢高跷，一起床就踩着高跷在院子里练习，根本顾不上玩手机了。网友：#爷爷做的手机防沉迷系统效果翻倍#！#在微博过寒假# @未来网 
未来网的微博视频",教育
"【好懂事！#9岁男孩开学前一天路边铲雪4小时#】近日，江苏宿迁，受持续冻雨雪天气影响，导致城市道路大面积结冰，来往行人骑车经常摔跤。9岁的张少信见到后，主动拿起铁锹清理家门前道路上的冰面，从中午两点一直铲到下午六点多，路过的行人纷纷给他竖起大拇指。父亲张晓说，看到儿子这么懂事，作为父亲心里很欣慰。 #你好我的小孩#  @贰河视频 
贰河视频的微博视频",教育
"【#00后女孩带偏瘫弟弟做康复备战考研#，当事人：家里困难无法照顾，担心弟弟错过最佳康复期
】2月26日，河南郑州。@河南中医药大学 刘同学的弟弟在22年骑车发生意外，导致左侧肢体偏瘫智力受损。父亲因需照顾家中患病母亲，于是刘同学主动担起了照顾弟弟的责任。刘同学称，自己是学中医，刚开始家人并不支持，担心影响学习，但自己知道如果错过康复期弟弟将很难治愈。目前自己在医院边上课备战考研，边带着弟弟做康复，老师也会帮忙照顾。从最开始扶不稳到现在已经能简单行走，再难都要坚持下去。#考研成绩#@搜狐千里眼 
搜狐千里眼的微博视频",教育
"【想去吗？#殷墟博物馆新馆今天开馆#】今天，位于河南安阳的殷墟博物馆新馆正式对公众开放，展出青铜器、陶器、玉器、甲骨等文物近4000件套，展陈文物数量庞大、类型多样，其中3／4以上的珍贵文物属于首次亮相。（央视） #未知行走实验室# 
人民日报的微博视频
 ",教育
"【#新疆女孩跳舞音乐一响眼神到位#】近日，新疆。一个小女孩在音乐响起后立马眼神到位，进入状态，开始跳起了新疆舞。网友：不愧是天生自带的舞蹈基因。 #你好我的小孩# 
中国妇女报的微博视频
 ",教育
"【#考研成绩#今日可查】各地#考研查分通道汇总#来了
网页链接
 ，一起分享#考研成绩查完后的心情#，祝大家上岸顺利
 ",教育
"【#女生45门课超过90分直博清华#】45门课程获得90分（优秀）以上，专业课程均分95分以上，GPA、加权平均分等各项成绩均在年级排名第一，获学校本科生最高荣誉“沈元奖章”，获国家奖学金......她就是北京航空航天大学2020级本科生贾文君。贾文君现已推免至清华大学攻读博士学位，研究方向是“市政交通”。她说，“每个阶段的目标就是我学习的动力，有目标很重要”。目标清晰+执行力强！为贾文君点赞！ #学霸带带我# 
中国妇女报的微博视频",教育
"【太精妙了！#小伙耗时俩月复刻千年前虾灯# 祝愿大家新的一年都能上岸】#小伙复刻千年前虾灯祝大家新年上都岸#张灯结彩庆元宵，在河南卫视《2024元宵奇妙游》中，手工艺人花费两个半月时间“复原”明代画作中的“虾灯”，千里江山图结合“八仙过海”的故事“祝愿大家新的一年都能上岸。”#考研成绩# @大参考 
大参考的微博视频",教育
"【#量子引力的重大突破或永远改变物理学#】大爆炸是如何开始的？黑洞内部是什么？宇宙又是如何紧密联系在一起的？这些是人类对宇宙最大的问题，至今仍然是个谜团。最近，荷兰莱顿大学领导的一个科学家团队利用新技术测出质量仅为0.43毫克粒子之间的引力，仅为30 阿牛（attoNewton），1阿牛为1/1,000,000,000,000,000,000牛顿。这是迄今为止科学家能检测到的最小质量引力信号。截至目前，科学家仍然不清楚在微观层面上引力是如何发挥作用的，甚至爱因斯坦也对此感到困惑。而这一研究结果使得科学家比任何以往任何时候都更接近弄清楚这种规模的力是如何发挥作用的，并使得所谓的“万有理论”成为可能。未来，科学家将继续缩小粒子大小，以揭开量子引力的谜团，揭开宇宙中更多的秘密。#微博开学季#  
智慧科技迷的微博视频",教育
"【热血青春！#北大00后学生当海军开航母#】#曾是辽宁舰操舵手的她讲述直面外舰经历# “一朝航母人，一生航母情。”和辽宁舰告别的那一天，北京大学中文系2018级学生王心仪记忆犹新。2018年，王心仪曾写下感动全网的自述文章《感谢贫穷》。2020年报名入伍，她以总评第一的成绩被分配到辽宁舰，成为一名航母操舵手。#职向未来# 
辽宁舰上有句话：“舰艏行处是长城”。如此庄严的宣告和承诺，让王心仪更清晰地认识到肩负的神圣使命——“眼前的蔚蓝是我们要捍卫的疆土，一流海军是我们要为之奋斗的目标。”
2022年9月，王心仪告别军旅生涯，重返北大学习。不久前，她又选择了本科毕业后读研。从北大学子到海军战士，她经历了哪些故事？听听她怎么说↓↓
人民日报的微博视频",教育
"#潮汕女子英歌舞背后的训练# 谁说女子不如男 当时我拍这条片的时候被震撼到眼眶都红了 在她们身上 我看到了潮汕女人身上那股可柔可刚的韧性
（鄙人好野）#在微博过寒假# 
我在广东生活的微博视频
 ",教育
"#武汉初一女生珞珈山顶滑雪走红#  湖北武汉 初一女生从珞珈山顶滑雪而下，“武汉国际滑冰场”名不虚传！#初一女生武汉大学樱顶滑雪##微博开学季# 
校园里的新鲜事的微博视频
 ",教育
"【太有爱了！#老师折300多个喜糖盒给学生开学惊喜#】日前，苏州一名老师结完婚后给学生发喜糖的视频走红。记者多方寻找得知，这老师是太仓市第一中学初一英语老师姚换杰。27岁的姚老师刚任教一个学期，腊月二十七，她结婚。开学前夕，她用一整天时间亲手折喜糖盒，为带班的300多名学生准备喜糖。开学当天，学生们收到礼物，都特别感动。姚老师说，希望把幸福分享给每一个孩子。#微博开学季# @SBS暖视频 
SBS暖视频的微博视频",教育
"#考研查分上岸让喜极而泣有了具象化#【#2024愿你收获同款考研查分表情#】近日，全国各地陆续公布考研查分时间，相信考研学子们正在紧张地等待中，来一波考研查分的高燃瞬间，先晒为敬！相信狂喜、惊讶、喜极而泣皆是你！曾经那些灰头土脸的日子终于有了结果，愿每一个努力的你都能如愿以偿闪闪发光！上岸接好运！ #考研成绩接好运# @梧桐Video 
梧桐Video的微博视频",教育
"【“为啥下的不是雪而是小冰粒”？#老师写歌为学生解释物理现象#】“老师，为什么同样是凝华，现在下的是雪籽还不是雪？”当听到学生的提问后，武汉市二桥中学的物理老师姚佳别出心裁，用原创歌曲的方式，为学生解释冬雨后“冰晶”形成的物理现象。2月22日，当武汉再次被雪籽铺满的时候，这首原创科普歌曲《等的不是你》正式上线。“这已经不是她第一次写原创歌曲了，她还创作了歌曲《最美的星星》，还依托个人爱好，运用信息化技术手段加上艺术的深度融合，设计出形式新颖的物理课《声音的特性》，在全国信息化大赛中获得一等奖。”武汉市二桥中学校长彭葆蓓说。#你好老师#  
极目新闻的微博视频",教育
"#中学生发现微信抢最大红包秘诀#【猴赛雷！深圳中学生发现微信“抢最大红包”秘诀】据南方都市报：南都记者近日从深圳中学龙岗学校获悉，该校数学科组的老师们借寒假作业，开展了别开生面的“抢红包”PBL项目式探究学习。通过参考微信抢红包的代码，有同学发现，在3—5人的场景中，第一个抢红包的人成为“手气王”的概率最大；但当人数增多时，越靠后，获得“手气最佳”的概率越高。#在微博过寒假#  
新浪热点的微博视频",教育
"【#6年级男孩做法考题正确率惊人#】2月23日，河北承德。女生发视频称，六年级的弟弟好奇要做她的法考题，没想到正确率高得惊人，女生表示，法考还是得换个人考。网友：人所追求的，原来一开始就有了。#你好我的小孩##微博开学季# @西部决策 
西部决策的微博视频
 ",教育
"【#韩国超万名医学生申请休学#】韩国医疗人员为反对政府扩招医学生发起的“辞职潮”持续发酵。截至22日18时，已有约1.15万名医学生申请休学，占医学生总数的61.1%。23日，韩国教育部要求校方协助让学生回归课堂。#韩国超6成医学生申请休学##教育聊一聊# 
总台环球资讯的微博视频
 ",教育
"【#多地延迟开学90后父母忙成双面人#】龙年首场寒潮正在大举南下。受降雪冰冻天气影响，多地学校宣布停课，叠加开工周，这可忙坏了90后父母们，不少家长选择让孩子在家提前“开学”。90后妈妈陈女士在接受采访时表示：“自己和老公刚开工才一个礼拜。孩子今年四年级，家里没人帮忙带娃。现在只能白天上班，晚上带娃，这两天加班连给孩子做饭都顾不上。这一个礼拜下来，朋友都喊我双面人。”小调查：新学期你那里延迟开学了吗？#多地降雪延迟开学90后父母忙成双面人##微博开学季# 
农民频道的微博视频",教育
"【翱翔吧少年！#小学生的画登上太空#】#天宫画展又上新了# 第三届“天宫画展”在中国空间站正式开展，神舟十七号航天员乘组在轨展示和介绍新时代青少年畅想中国式现代化的美丽画卷。此次展览的作品出自全国31个省（自治区、直辖市），以及香港、澳门特别行政区的“小画家”之手。53幅画作从2万多幅报名作品中脱颖而出，随天舟七号货运飞船进入空间站。获选画作设计制作于两幅丝绸画卷之上，充分展现现代科技与传统文化的融合之美，使画展更具中国特色和文化韵味。#你好我的小孩# 
央视网的微博视频",教育
"【政协委员姜耀东：#反对取消中考建议改变方式#】 一段时间以来，一直有学者呼吁取消中考，直接普及高中教育，并缩短学制，以此来缓解孩子的压力。2月22日，全国政协委员、中国矿业大学（北京）教授姜耀东接受中青报·中青网记者采访时表示，取消中考有利有弊，需要综合考虑各种因素。他反对取消中考，建议改变现有的考试科目和方式。减少死记硬背型考试，鼓励学生的创造性思考和实践能力，采取多样化考核方式，强化素质教育评价。#全国政协委员反对取消中考# #教育聊一聊# 
中国青年报的微博视频",教育
"【#男生考公大减重90斤上演男版热辣滚烫#】 近日，北京。@中国人民公安大学 侦查学专业的李佳睿同学一年内减重90余斤成功圆梦大学，被大家称为现实版“热辣滚烫”。据李佳睿介绍，自己从240多斤减到158斤，减重过程中面临着很大的压力，每天都很累，但梦想的吸引、改变自己的决心、亲人的尊重与帮助是自己坚持下来的动力。未来也将继续保持良好饮食运动习惯。#学霸带带我##微博开学季# @未来网 
未来网的微博视频",教育
"【终于开学了！#猫咪学长被锁宿舍30天靠学生零食撑过#】近日，江西南昌，返校大学生打开宿舍门的瞬间惊呆了: 一只猫咪学长放假前偷偷躲在床下没人知道，整整被锁在宿舍一整个寒假！
大学生: 好在宿舍零食很多 庆幸它还活着……#在微博过寒假# @陕视新闻 
陕视新闻的微博视频
 ",教育
"【
老家扛下了所有！深圳一班级#全班27人只有3人完成寒假作业#】2月20日，广东深圳。老师检查作业时，发现全班27人只有3个孩子完成寒假作业，并且，没写作业的原因千奇百怪...最多的理由，竟是作业落在老家了。#小学生没写完作业的理由千奇百怪##在微博过寒假# （环球网）
深圳
 
第一现场的微博视频
 ",教育
"【有爱又有心！#她在把幸福分享给每一个孩子#】#老师折300多个喜糖盒给学生发喜糖# 近日，江苏苏州。老师结完婚后，给带课的两个班级的学生发喜糖，视频发布者姚老师表示：自己想着既然要准备喜糖，也正好给学生们也准备一份，后来将喜糖提前放在学生课桌上，收到很多同学真挚的祝福，觉得特别的幸福，也觉得很有成就感。#微博开学季# 
麦穗视频的微博视频",教育
"【#外国人演我考英语听力#】2月22日，山东济宁。网友发视频，一群外国留学生正在进行汉语听力考试，留学生们低头沉思的样子与中国学生考英语听力时如出一辙。网友表示，终于体会到学霸的感觉了。#在微博过寒假# @西部决策 
西部决策的微博视频
 ",教育
"【毫不怯场！6岁#女孩在爸爸公司年会上自信跳舞# ，网友：#小女孩年会舞蹈串烧拿捏住了#】1月27日，江苏无锡，6岁长沙“小妹陀”参加爸爸公司年会，上台舞蹈串烧，动作、表情狠狠拿捏，自信大方、毫不怯场，“她完全在享受舞台，感染到了每一个人。”网友：小孩姐这表情管理绝了！  #你好我的小孩# 
潇湘晨报的微博视频",教育
"【#05后大学生将宿舍爆改成家#】寒假余额不足，大学生“归巢”前夕，数码新品、换季穿搭、美妆护肤、养生品、健身器械等，纷纷被攒下“巨款”的万千学子收入囊中。还有不少同学换新宿舍床品，将寝室爆改成了“家”。东北风四件套、江南风遮光床帘、北欧风床垫、日韩系壁纸……奇思妙想不穷，完美化解了开学焦虑。数据显示，近七天内，大学宿舍床品订单量已突破104万件。甚至有05后大学生表示，因为怕不适应新学期，还选了和自己家同色系同材质的四件套。网友：格子床单终究是错付了！#上学时多久给家里打一次电话##微博开学季# 
点时新闻的微博视频",教育
"【#学前教育专业女生回乡义务带留守儿童# 】近日，四川广安。@西南交通大学希望学院 学前教育专业的大二学生吴同学回到老家过年，看到村里有不少的留守娃娃们，便将自己在学校所学的专业知识用于实践在孩子们身上，教孩子们画画、看绘本。她表示，看到娃娃们天真的笑容时，感受到了幼师这一职业的神圣感。#大学生放假成了全村留守儿童的幼师##职向未来#@未来网 
未来网的微博视频",教育
"【#姥爷地图上勾画出孙女3000多公里上学路#】近日，河北衡水。在@塔里木大学 就读大二的女生程同学即将启程返校，姥爷提前在地图上用笔勾画着合适的返校路线。据女生介绍，每次自己往返学校和家的路线都得提前规划，这次的返校路线调整了，和之前不太一样，姥爷就在地图上把新的路线画给姥姥看，让她放心。网友：#女生返校回新疆路线像重走了丝绸之路#！#在微博过寒假# @未来网 
未来网的微博视频",教育
"【#考虫回应倒闭传闻#工作人员：业务有调整】2月22日，网传教育培训机构#考虫倒闭#，引发热议。
对此，@白鹿视频 尝试多次查询拨打考虫所属的北京多知科技有限公司客服电话，处无人接听。同时，拨打同一法人代表的河南考虫教育科技有限公司电话，得到工作人员回复称：并未倒闭，（考虫）还在，网传“考虫倒闭”是有些人离职了。对于官网上很多课程停售表示“有些课程还是可以买的”，并表示是业务上有调整，总部（没有倒闭），也在正常开着。查询还发现，考虫官网部分热门课程确实已出现“已停售”字样。
另据爱企查App显示，北京多知科技有限公司直接对外投资13家公司，分布在沈阳、福州、合肥等地，目前上述公司一半以上已注销。#教育有料# @白鹿视频 
白鹿视频的微博视频",教育
"【文化输出不要停！#95后女子英国讲解亲手制作的糖葫芦#】近日，一位中国95后女孩小王在英国亲手制作了糖葫芦，并带到街头耐心向路人讲解，把中国美食分享到了异域他乡……小王:“希望世界都爱上我们的中国味道”！#教育的力量#@陕视新闻 
陕视新闻的微博视频
 ",教育
"【太酷了！#原来手指还可以这么出神入化# 】#男生练习7年用十指演绎人间百态# 近日，北京。男生练习手指舞练习了7年时间，灵活运用十根手指，表演惟妙惟肖，十分生动。视频发布者王先生表示：练习手指舞练习了7年的时间，然后也是最近才发现到手影这门艺术，也是想把手影跟手指舞结合在一起，融合一下，变成全新的一种艺术形式。网友：原来也才叫做灵活！#职向未来#  
麦穗视频的微博视频",教育
"四六级
 【#四六级成绩2月27日可查#】据中国教育考试网最新消息，2023年下半年全国大学英语四、六级考试（CET）成绩查询服务将于2024年2月27日开通。祝大家都能一次过
一、开通时间
2024年2月27日 上午6时
二、查询方法
中国教育考试网
网址: 
网页链接#四六级成绩接锦鲤##决战四六级#",教育
"【#小男孩唱粤语歌声情并茂#】近日，广东，小男孩唱粤语歌声音洪亮，感情充沛，唱得爷爷眉开眼笑。网友：#这是爷爷的梦中情孙吧#。#你好我的小孩# （新华社快看） 
人民网的微博视频
 ",教育
"【#女孩寒假作业丢失哭着报警求助# 网友：#这个是真的做寒假作业了#】近日，浙江杭州。一女孩哭着报警称自己的寒假作业丢了，请求帮忙寻找。据女孩介绍，她在楼下玩耍时，将作业放到垃圾桶旁了。民警调查监控后联系到垃圾车驾驶员，最终找回了女孩的寒假作业。网友：看来这个是真的做寒假作业了
 #在微博过寒假# 
半岛都市报的微博视频",教育
【#浙江多地新学期上课不到90天#】#在微博过寒假# 就要开学啦！据杭州市教育局消息，2024年春季学期于2024年2月25日报到注册，2月26日正式上课，7月4日学期结束，7月5日起放暑假。此外，宁波、温州、绍兴、嘉兴、台州、舟山等地市发布的校历，报到开学时间集中在2月24日-26日，7月3日-5日学期结束。去掉双休、清明节、劳动节、端午节等法定节假日，新学期，同学们在校上课时间在90天左右。而杭州中小学的五一假期，还连着2天春假，上课时间在87天左右，加上期末考后到休业式还有几天假期，所以实际在校天数更短。不少老师发出预警：新学期短暂，童鞋们珍惜光阴！#微博开学季#,教育
"【#大批上海女教师高仿号被封禁#】近日，上海市徐汇区某中学女教师“被丈夫实名举报出轨16岁学生”的相关截图流传网络，引发公众关注。事件发酵后，有网友发现，#多平台出现上海女教师高仿号# 。为了获取流量，甚至有主播冒充女教师直播，骗取打赏，直播间人数达到上万人，尽管受到谩骂和指责，但礼物依然源源不断。目前，大批高仿号已被封禁。#芝士热亿点# @河畔视频 
河畔视频的微博视频",教育
"【好酷！#爷爷奶奶打架子鼓快乐溢出屏幕#】近日，云南昆明。一段爷爷奶奶们打架子鼓的视频，在网络引发关注。视频中，老人们手拿鼓槌，脚踩鼓踏，动作干净利落，整齐划一，氛围十足。据了解，老人们共有接近500名，最小的58岁，最大的83岁，架子鼓老师李先生说，老人们很了不起，超乎我的想象。 #教育的力量# @贰河视频 
贰河视频的微博视频",教育
"【#大四男生历时52天骑行4700公里圆梦#】近日，河南郑州。一名大四#男生跨越7省54城从郑州骑行到三亚#，历时52天骑行4700公里，途径河南、安徽、江苏、上海、浙江、福建等，最后抵达海南。当事人黄同学称自己一直有一个长途旅行的梦想，这次趁着寒假假期，用5000奖学金和平时兼职挣的零花钱作为旅行资金开启梦想旅程。期间认识到了很多新朋友，见识到了不同的生活方式，对于自己来说是一件非常有意义的事情，也是对自己意志力的挑战。#教育的力量# @梧桐Video 
郑州
 
梧桐Video的微博视频",教育
【上海警方：#网传女教师丈夫问话笔录不属实#】#警方否认女教师丈夫笔录泄露# 近日，上海市徐汇区某中学女教师被丈夫举报出轨学生一事引发关注。2月20日，针对网传#疑似出轨学生女教师丈夫问话笔录流出#，@中国新闻周刊 从上海市公安局徐汇分局处获悉，此事件警方已在处理，笔录泄露不属实，网传图片不是真的，相关部门已经在查，更多信息不能透露。 #芝士热亿点#,教育
"【#爸爸带儿子3年走了3万多公里#】最近3年，长沙宁乡的任先生都会利用假期，带读小学的儿子自驾旅行，一共走了12个省份、30个城市，总里程3万多公里。最北到过最冷的黑河、漠河，最南去了西双版纳。任先生说，行走让孩子成长得特别快，玩的不是风景，看的不是路，而是感受风景背后的故事和路背后的经历。#在微博过寒假# 
中国蓝新闻的微博视频",教育
"【#清华大学教授称我们的教育没有教孩子如何开心# 培养的都是打工人】春节假期结束，打工人回归岗位。有关开工的话题引发网友们热议。此前，清华大学社会科学院院长彭凯平教授曾在接受环球人物《开腔》节目采访中，提及我们的教育在理想和技能之间是完全不对等的。彭凯平教授称：“你希望你的孩子将来活出什么样的生活，无一例外，就是幸福的生活。你说那你孩子现在应该学习什么，那一定要学赚钱的本领，打工的本领。那理想和技能之间是完全不对等的。我们的教育培养的都是打工人，我们真的没教如何开心。”#你好我的小孩# @五环短视频 
五环短视频的微博视频",教育
"【#高校回应导师被曝与女学生有不当关系#：公安机关已立案】2月20日，网曝河北沧州一高校导师被妻子举报与女学生有不正当关系，聊天露骨。2月20日高校回应：纯属造谣，公安机关已立案。#高校回应导师被妻子举报##芝士热亿点# 
猛犸新闻的微博视频
 ",教育
"【#小学生没写寒假作业的N个花式理由#】2月20日，广东深圳。假期结束，学生们带着寒假作业陆续返校。但当老师开始检查寒假作业时，却发现#全班27名学生只有3人完成寒假作业#。没有看群消息、回老家忘带回了、落在爸爸车上……没写作业的娃们理由千奇百怪。#在微博过寒假# @未来网 
未来网的微博视频
 ",教育
"#甘肃高二男生寒冬跳江勇救落水父子#近日，甘肃陇南文县高二学生杜冬冬参加社会实践活动时，听到有人呼救后跳进白龙江里救人。据杜冬冬说，当时看到落水父子快不行了，就立马脱衣服跳下水救援，救援难度特别大，自己被落水者带下水几次，还呛了几口水，最终成功将落水父子带到岸边，通过岸边市民扔的绳子将两人救起。目前，获救父子已无大碍。#教育的力量#甘肃
 
新京报教育新闻的微博视频",教育
"【#西安中小学开学时间调整#】@陕西都市快报 据西安市教育局最新消息，中小学春季开学时间有调整:2月25日报到，26日(周一)正式上课！学生可以安心和家人过元宵佳节啦。#在微博过寒假# 
据了解，寒假前，有的学校放假通知为2月24日报到、25日上课，如西安长安绿地城小学、泾河新城第三学校、西安市太元路学校（小学部）等，也有通知2月25日报到、26日上课的，如西安市碑林区大学南路小学、西安电子科技大学附属小学、雁塔雁南小学、西安市雁塔区航天小学、西安市新城区向荣巷小学等。
这次调整让广大中小学生安心和家人一起过正月十五元宵佳节，此前春季开学报到多次与元宵节相撞。",教育
"【#小学老师群发寒假作业烂尾预警#】2月18日，山东。开学倒计时！娃娃们也开始边爆哭
边创造“寒假奇迹”了
一位班主任在学习群里发布寒假作业“烂尾预警”：落在老家的，赶紧去拿；落在别的城市的，快递值得拥有；被爸爸不小心丢了、被弟弟妹妹撕了、被奶奶当废品卖了、被狗咬破了……买本新的重写；返校当天家长检查好，没带来学校就由家长送过来……咱就是说，老师已经预判了各种突发情况，这个寒假作业是非完成不可啦！#在微博过寒假# 
 
闪电新闻的微博视频",教育
"#女教师丈夫或涉嫌侵犯未成年人隐私权##学校通报女教师出轨高中生# 【上海一高中女老师出轨16岁男生？律师详解法律责任】近日，上海市徐汇区一高中女老师被丈夫实名举报出轨16岁学生，相关截图在网上流传，引发公众广泛关注和讨论。根据媒体报道，2月19日中午，涉事学校回应，女老师张某已被停职，目前事件正在调查中。那么，在这起事件中，除了道德上的谴责以及教育部门的相关规定外，女老师是否面临承担法律责任？此外，网上疯传女教师与男生两人的聊天截图，两人身份信息遭网曝，是否违法？#教育聊一聊# @现代快报 详细↓↓↓ 
上海一高中女老师出轨16岁男生？律师详解法律责任
 
泰国·曼谷素万那普国际机场",教育
"【#南京女孩的折纸金龙在巴黎展出#】春节期间，一条折纸版千鳞“金龙”在巴黎展出。这条龙的作者是南京女孩黄晓娴@紫暮幽 ，#她用1.4米纸折出1600个鳞片的金龙#，作品不剪不裁，无另外加纸或上色。黄晓娴身着凤冠汉服向前来参观的艺术爱好者宣传，大家叹为观止。 #职向未来# 
我苏特稿的微博视频
 ",教育
"【#大学生排个队都能排到假人模特后面# 】 果然，大学生即使不在学校里，也能被一眼认出！有网友拍到，一位大学生排队排在了假人模特身后，低着头玩手机，假人模特没动，他甚至还往前走了走。网友们纷纷表示，排队已经刻入大学生的DNA了。#在微博过寒假# 
 
黑猫投诉的微博视频
 ",教育
"【#律师称出轨高中生女教师暂不违反刑法#】2月19日，#学校通报女教师出轨高中生#：上海市第二中学会同相关部门开展调查，并已第一时间对涉事教师予以停职。对此，@周兆成律师 表示，从目前情况看，还无法从刑法和治安处罚的层面去追究女教师责任。刑法有一个“负有照护职责人员性侵罪”，用来特别约束负有监护、收养、看护、教育、医疗等特殊职责的人，此罪把未成年的性同意年龄提高到了16周岁。但法条明确写了，这里保护的是“未成年女性”，不包括男性。#教育聊一聊# @巨浪视频 
巨浪视频的微博视频",教育
"【#00后小伙摆摊卖糖画收100多个徒弟#】 河南郑州，00后小伙王岐洋跟父亲学糖画13年，是家中第四代传人。现在，他平均10分钟左右做成1个，最多1天能做出400个，3D立体糖画、复杂龙凤糖画都信手拈来，还教了上百位徒弟，“就打算一直把这手艺做下去了”。 #职向未来# @田野视频 
田野视频的微博视频
 ",教育
"#寒假作业落巴黎事件舅舅账号被禁#【#寒假作业丢巴黎事件后续#：自称是“舅舅”的账号被禁，此前曾被网友质疑是摆拍】2月19日，九派新闻记者查询发现，自称“在巴黎弄丢寒假作业的秦朗舅舅”的视频账号因违反规定被禁，相关视频已下架。此前，博主“Thurman猫一杯”发布视频称其在巴黎一餐厅捡到一年级八班秦朗的寒假作业。一名ip显示在江苏的网友留言自称是小孩家属，称这位小朋友是他的外甥，就读于西场小学一年八班，并就此事开了一场直播。2月18日，九派新闻联系多地西场小学，均表示学校并无此人。#芝士热亿点# @九派新闻 
九派新闻的微博视频",教育
【#学校通报女教师出轨高中生#：停职】据@中国新闻周刊  2月19日，上海市第二中学通报：近日，网传我校“一女教师与学生存在不正当师生关系”。学校高度重视，立即会同相关部门开展调查，并已第一时间对涉事教师予以停职。后续，将根据调查结果依法依规严肃处理。#芝士热亿点##已暂停被举报出轨学生女教师工作# ,教育
"【#大学生制省钱攻略换乘5次跨省返校#：高铁、火车、大巴、船票都买了】#女生返校从海南到广州仅花422.5元#近日，海南。00后女生从海南陵水将返校遇机票涨价，精心设计返校攻略，花422.5元买火车、大巴、高铁票和船票辗转回广州。据当事人陈同学介绍，自己是海南本地居民，1月份从广州回家时机票约500元。近期机票价格太高，没有性价比，自己便制定了返校路线：先从家乡陵水坐高铁抵达海口东站，再坐火车去海口站，之后坐船和大巴到湛江西站，最后乘坐高铁到达广州。虽然这种返程方式相比坐飞机，要付出更多的时间和精力，但能省下不少钱。#在微博过寒假# @白鹿视频 
海南
 
白鹿视频的微博视频",教育
"#教育局回应女教师被举报出轨学生#【#上海女教师被举报出轨未成年学生#，教育局回应！称正调查】据@南方都市报 报道，近日，上海市徐汇区某中学女教师“被丈夫实名举报出轨16岁学生”的相关截图流传网络，并登上微博热搜，引发公众关注。2月19日上午，徐汇区教育局回应南都记者称，已经知晓此事，“现在正在调查中。”#芝士热亿点# 
上海女教师“被举报出轨未成年学生”，教育局回应！称正调查
 
上海女教师“被举报出轨未成年学生”，教育局回应！称正调查",教育
"【留住时间！#男子连续11年拍全家福当拜年礼物#】近日，一男子晒出11年全家福，从2014到2024年坚持用手机和相机记录，尽管每次凑齐都不容易，但自己都把它当成一次盛大而又隆重的仪式，还会把上一年的合影洗出来，拜年时当作礼物送给各家
 网友：这些全家福太有意义啦！#在微博过寒假# 
星视频的微博视频",教育
"【#这个春节00后已经开始互走亲戚了#】近日，不少00后表示过年走亲戚的对象是自己选的。趁着过年大家都有空，约上几个住得近的朋友一起聚聚。他们便开心地拎着牛奶、水果、零食……等礼品来到好朋友家里。聊八卦、打麻将、斗地主……玩开心了再拿些零食带走。网友：#00后的亲戚主打一个自己选#！#在微博过寒假# @未来网 
未来网的微博视频",教育
"【#手机封机仪式现在开始#】假期余额不足，家长给孩子举行“封机仪式”。#你一般什么时候做寒假作业#，是最后几天狂赶还是先做完再玩？（人民视频）#在微博过寒假#  
新华网的微博视频
 ",教育
"【#妈妈给儿子后备箱塞满400斤大饼#】2月17日，小伙小刘从家乡返回杭州上班，带了独特的家乡特产：100多个壮馍，每个有近4斤重，累计重达四百斤，以及数十斤的大葱，塞满了后备箱，满满都是妈妈的爱。小刘表示，妈妈知道他从小好这一口家乡美食，就多备了一些。回杭州后，小刘给同事朋友都分享了一些，余下的大饼他会放在冰箱里，慢慢吃，应该够吃几个月了。#你好我的小孩# @浙江日报 
浙江日报的微博视频",教育
"【男子逛街偶遇走丢小女孩，#男子把走丢小女孩扛在肩头成功找到家人#】2月16日，浙江一男子逛街时偶遇一个拿着烤肠的小女孩，哭着说找不到自己的妈妈了，他将小女孩举过头顶扛在肩上大喊：谁家孩子丢了，大约五分钟后成功找到女孩家人。（素材来源 网络综合）#在微博过寒假#  
澎湃新闻的微博视频
 ",教育
"【#武汉中小学延迟开学# 】据@湖北日报 报道，因近期有雨雪冻雨等恶劣天气，为学生安全考虑，武汉市中小学（除高三年级外）正式返校时间延迟到2月26日，部分学校已由班主任通知学生及家长。
根据武汉市2023-2024学年度中小学春季校历，武汉市小学和初中计划于2024年2月20日报到，21日正式开学，7月5日放暑假，幼儿园参照中小学时间进行安排。最近，有不少市民在武汉城市留言板上建议：“2月21日中小学开学在即，但雨雪天气也随之而来……希望有关部门依据天气适当调整返校时间。”（湖北日报全媒记者张倩倩）#大范围雨雪冰冻天气又要来了##在微博过寒假#武汉",教育
"【#女生坐飞机错拿教资当护照瞬间傻眼#】近日，广东广州。一女生和朋友坐飞机，到机场才发现自己拿的竟然是教师资格证，瞬间愣在原地，和朋友护照对比之下发现相似度极高。有网友吐槽自己坐高铁揣了一路身份证发现是饭卡！也有网友茅塞顿开道#突然打开了炫耀教资的新思路#！#在微博过寒假# @梧桐Video 
广州
 
梧桐Video的微博视频",教育
"【#10岁火箭男孩受邀打卡哈工大#】2月17日，黑龙江哈尔滨，10岁火箭男孩严弘森受哈工大李传江教授喊话邀请，打卡哈工大校园。一路上，严弘森频吐专业词语，和教授侃侃而谈。据悉，严弘森8岁在拉萨参观天文馆时指出馆内视频有错误，随后官方承认“确实搞错了”。他也因此登上央视《新闻1+1》，被称为“火箭男孩”。2023年6月，严弘森发射了自己研制的第一枚火箭。#在微博过寒假#  @青晨视频 
哈尔滨
 
青晨视频的微博视频",教育
"【#戏曲专业女生回村奶奶邀30人齐听戏#】2月16日，甘肃庆阳。一名大二戏曲专业女生回家，60岁奶奶邀请村里30余人来听孙女唱戏。孙女豆同学称，自己从小就喜欢戏曲，长大报考了戏曲专业。每次只要回老家，奶奶就会让自己唱戏，还会邀请村里人一起来听。刚开始给大家唱戏还比较抗拒，但后面抗拒无效，自己便也习惯了。#在微博过寒假# @白鹿视频 
庆阳
 
白鹿视频的微博视频",教育
"【#丢寒假作业的秦朗家人回应#：#秦朗妈妈还不知道寒假作业丢了#】#舅舅买试卷送丢寒假作业的秦朗# 近日，小学生秦朗把寒假作业落在法国巴黎，被中国热心网友带回引发热议。2月18日，江苏。秦朗的舅舅回应正前往姐姐家：我姐目前还不知道，今天外甥因为说脏话挨了一顿，我小时候被打到大的，和外甥的关系特别好，看心情再决定要不要告诉我姐。舅舅还称，他跑了好几家书店没有找到同款寒假作业，就随便买了几本，还另外多买了几套试卷准备给外甥送过去。#在微博过寒假#  
网页链接",教育
"【#70岁阿姨考出钢琴十级证书#，有先天残疾，努力学琴18年】家住上海的郑洁桦阿姨今年70岁，不久前，她终于拿到了她的钢琴十级证书。因为先天残疾，她的手指无法灵活活动，平时出行也都靠电动轮椅，但她还是凭着热爱，努力自学了18年。郑洁桦告诉@021视频 ，学钢琴考级是目标，但不是最终目的地，自己更希望通过音乐抒发情感。“我并不是楷模，每个人对待生活的态度各有不同，不管是谁，只要快乐就好。” #职向未来# 
021视频的微博视频",教育
"【陕西榆林一#高三班主任被曝办公室强吻女学生#】#教育局回应班主任被曝猥亵女学生#2月18日，网曝陕西榆林吴堡中学高三班主任马某某以分析成绩为名，将女学生叫到办公室实施猥亵。学生称，马某某说她很漂亮拉她的手，自己准备离开时被他抱住强吻。爸爸得知后，与老师交涉好几天。马某某对女生父亲称，人都会犯错就像女生父亲打了他一样，都能理解，他还到女生家要给对方1万元钱。女生父亲联系校长，对方认为即将高考，不能耽误其他考生，拒绝更换班主任，表示可以给当事女生换班。家长认为，学校应对马某某作出相应批评以及训诫，并且予以严惩，但校方对此一直没有明确回复。18日，吴堡县教育局工作人员表示，昨晚开始进行调查，马某某已被停职停课。#芝士热亿点#  
网页链接",教育
"【蠢蠢欲动！#七仔又想咬乐乐耳朵#】近日，陕西西安，眼瞅着老丈人阿宝的耳朵就快长好了，七仔又打起了乐乐的主意……
网友:#七仔又想把乐乐变第二个阿宝#！@陕视新闻 
陕视新闻的微博视频
 ",教育
"【#大学生返校行李箱塞56瓶饮料#：从家里带零食更有性价比
】2月17日，安徽淮南。大学生返校在行李箱内塞56瓶饮料。当事人小陈介绍，行李箱里装了近3箱饮料，都是过年亲戚送的礼品。自己返校带2个行李箱，其中这一个行李箱专门用来装零食，虽然比较重，但想到放假后不用担心没饮料喝，觉得重也值得，从家里带零食更有性价比！#今天正式退出春节档##在微博过寒假# @白鹿视频 
淮南
 
白鹿视频的微博视频",教育
"【#90后女生10年成文物大管家#】2月18日，四川成都。黄琳是四川省文物考古研究院的一名工作人员，掌管江口出水文物的出入库工作，同事都戏称她为“文物大管家”。#90后女生给文物画证件照#，将线条细致打磨，将细致到毫厘的纹饰和缠丝、锤揲、铸造等工匠手艺的精巧，通过笔触表现。对每一件器物测量尺寸、称重，进行拍照，并做器物描述及文物绘图，为其录入基础信息，制作“身份证”，建档存库。#职向未来#  
四川观察的微博视频",教育
"【泪目！#妈妈的背影里藏满了不舍和牵挂#】#孩子返程妈妈独自在路边站了很久# 近日，吉林长春。节后返程父母哭着目送孩子离开，回看监控发现母亲在路口站了很久。视频发布者武女士表示：早晨6点，父母就起来为我们做饭，整理行囊，后备箱填满了各种食物和他们满满的爱。一年只回一次家，分别饱含了万般的不舍。看着父母的身影渐渐远去，心里酸酸的。回看监控发现，妈妈在路上站了很久，泪水就控制不住了，希望未来可以多陪伴父母。 #在微博过寒假# 
麦穗视频的微博视频",教育
"【医生建议节后这些症状要就医 】2月18日，四川成都。今天是龙年第一个工作日，起床困难、焦虑上火、疲劳烦躁可能成为不少人的状态。#节后第一天感觉不会上班了# ！你被“节后综合征”击中了吗? 该如何调整，来听听医生怎么说👇#龙年的第一个工作日# @四川观察 #在微博过寒假# 
四川观察的微博视频
 ",教育
"【#大学生为祖父母劈柴700多斤#：想给爷爷奶奶准备好能用到夏天的柴火
】春节假期即将结束，离家的日子越来越近，云南昭通的大学生付天趁还没开学，帮祖父母劈了700多斤的柴，还在镇上给爷爷奶奶买了药、买了一双新鞋。付天说：“自己越长大回家的时间越短，我不是喜欢干活，只是想到快走了，就多帮他们一点。”  #过完年 失落感##在微博过寒假# 
极目新闻的微博视频",教育
"【#你好，明天#】进度条刷新，春节假期收官，明天就是新春开工第一天。亲情注入力量，电量已经满格，龙年开工，你是否斗志满满？新的开始，你立下了什么样的flag？开工即开弓，起步即气势，愿开始奔跑的你，一路所见，皆是风景。#在微博过寒假# 
人民日报的微博视频
 ",教育
"【#98岁奶奶送孙子返程依依不舍#】近日，四川内江，孙子年后离家返程，98岁的奶奶眼含泪水依依不舍告别，还嘱咐孙子：“你有空就回来哈。”网友：#道声珍重期盼下次相见#（中国青年报）#在微博过寒假# 
新华社的微博视频
 ",教育
"【医术高超！#中医学生地铁里妙手施针救醒晕倒女子#】近日，一女子在地铁5号线列车上突然晕厥，车上乘客合力将她抬到磁器口站台上。@北京公交警方 民警和车站工作闻讯立即赶到现场施救……路过的北京中医药大学学生师玥挺身而出，从行李箱中拿出针灸医具、消毒棉片开展急救，经过师玥针灸治疗，女子苏醒过来，后被急救车送医救治，转危为安。#在微博过寒假# @平安北京 @北京政法 
北京公交警方的微博视频",教育
"【#父母带260斤年货跨越千里陪孩子过年#】近日，上海。父母肩挑扁担带着260多斤年货，坐16个小时的火车，跨越千里来到孩子居住的城市过年。网友：#260斤是年货上限不是爱的上线# 。#你好我的小孩#  
人民视频的微博视频
 ",教育
"【满满的安全感！#萌娃走丢一把抱住地铁小哥#】2月15日，武汉地铁3号线四新大道站，一名5岁萌娃哭泣着跑到站厅岗彭亮面前，抱住小哥哥依偎在他怀里，哭诉自己和外婆走散了，彭亮见状连忙将小朋友抱起并进行安慰，待小朋友心情平复后，询问外婆联系方式并与之取得联系。10分钟后，外婆到达车站将小朋友接走。#你好我的小孩# @长江日报 
长江日报的微博视频",教育
"【为她骄傲！#14岁重庆妹儿夺得世界冠军#】北京时间2月16日凌晨，多哈世锦赛游泳项目进入第五个比赛日，在女子4x200米自由泳接力决赛中，14岁重庆綦江小将龚真琦作为第二棒选手，携手队友李冰洁、艾衍含、杨佩琪以7分47秒26的成绩斩获中国游泳队本届世锦赛的第4枚金牌。龚真琦是首次出战世锦赛，她也本届游泳世锦赛中国队年龄最小的选手。 #职向未来# 
重庆发布的微博视频",教育
"#15岁初中生讲述为什么不爱读书# 2月15日浙江，15岁初中生讲述孩子为什么不爱读书，是因为玩的不够多，见的不够多，以及家长不够会玩，让孩子知道自己在为什么而奋斗#当代95后开始整顿虚岁##你好我的小孩# 
时点视频的微博视频
 ",教育
"【#大学生带甘蔗爬山能吃又能拄#】2月14日，河北石家庄。大学生去爬山，在山下买了根甘蔗带着，能吃又能拄。网友：性价比这块还得是大学生。#在微博过寒假#石家庄
 
闪电新闻的微博视频
 ",教育
"【#广州05后少女醒狮队太飒了#[舞狮]】舞狮有南北，南狮又称醒狮。广州这支“少女醒狮队”，舞起重达十几斤的狮头，与小伙子同台竞技。起步晚，为赶上进度，她们不断增加练习，#小姑娘练得满头汗笑着说喜欢舞狮#↓↓“热爱让我有勇气打破偏见。”笑容自信阳光，满满的力量！#职向未来#  
央视新闻的微博视频",教育
"【这一别不知道多久才能再见！#90岁广西外婆和广东外孙离别抱头痛哭#】近日，广西，广东的外孙同母亲一同回乡看望90多岁的外婆。分别时，老人哭得像个孩子...... 拍摄视频的外孙称，自己的母亲远嫁广东，只有过年才会回到广西探亲，孙子辈们回来的机会更是少之又少，今年更是难得一见的大团聚。见外婆哭得实在伤心，外孙们一个个跪下安慰：明年就回来了，你要活到130岁！#在微博过寒假# @农民频道 
农民频道的微博视频",教育
"【#萌娃年俗表演中睡着像极打工人# ，观众：叫都叫不醒感觉非常可爱】2月14日，山西晋中，一地举行民俗表演时，小朋友表演到一半的时候在空中睡着。据视频拍摄者刘女士介绍，当时此地正在举行年俗表演，小朋友身穿戏服在表演途中睡着，下面一直有工作人员试图叫醒小朋友，但一直叫不醒感觉非常可爱。#在微博过寒假# @西部决策 
西部决策的微博视频",教育
#大年初七不教训孩子#【转存年俗小知识！传说大年初七是每个人的生日】 今天是农历大年初七， 传说这天是人类的诞辰日，即人的生日。 还有习俗称，今天家长也不能教训孩子。@央视新闻 #大年初七##在微博过寒假# ,教育
"【#孙子带婚龄60年的爷爷奶奶过情人节#】2月14日，成都一对结婚60年的爷爷奶奶在孙子的带领下，第一次去电影院过情人节，看完电影后爷爷奶奶还要求孙子以后多带他们看。当事人称，爷爷奶奶一直省吃俭用，从来没看过电影也没去过电影院，这一次就刚好和女友朋友一起和爷爷奶奶一起过一个“双人约会”。#在微博过寒假# @白鹿视频 
白鹿视频的微博视频",教育
"【#没有提醒你能分清长辈称呼吗#？】#湖南一家三代舅舅同堂引热议#。在近期网上一段“小辈外甥和三代舅舅同堂”的视频中，一名男孩和家里三位不同辈分的舅舅坐成一排，三位舅舅的年龄依次是22岁、60岁和76岁。视频中，辈分小的依次向辈分大的喊“舅舅新年好”，然后大的给小的发红包。现场喜感十足，年味儿爆棚。#在微博过寒假#（极目新闻） 
新华网的微博视频",教育
"#洁癖喵星人泥地小心翼翼踏步# 2月11日，河南。城里小猫回农村遇泥巴路，每一步都走的小心翼翼生怕弄脏爪爪，网友：这是一只有洁癖的喵喵。
 @星耀视频 
星耀视频的微博视频
 ",教育
"【#潮汕女子英歌队又美又飒#】#被英歌花木兰的笑容甜到了# 近日，广东。据新华社快看，潮汕女子英歌队又美又飒，被“花木兰”的笑容甜到了！和多数观众看到的“水浒英雄”不同，女子英歌舞取材于花木兰从军和穆桂英挂帅，身着红衣和绿装，柔中带刚的表演引来阵阵欢呼喝彩。#职向未来# @西部决策 
西部决策的微博视频",教育
"【#大学生走亲戚主打一个黔驴技穷# 】我就说大学生在大学肯定是学到点东西的！解锁拜年走亲戚新节目，七大姑八大姨们再也不用担心枯燥无味啦！因为大学生会出手#在微博过寒假# （via.
云儿☁️） 
福州校园的微博视频
 ",教育
"【#8年未归家海防战士唱人世间思念父母#】“想对妈妈说对不起，在我有能力时，却让她一直一个人生活，这是对母亲的亏欠……”孔凡刚在海防连驻守了17年，8年没回家的他，每次唱起《人世间》就会不自觉想起父母，尤其是这些年来对母亲的亏欠。无数个守卫祖国海疆的官兵如孔凡刚一样，担起责任，坚守奉献！（万里河山） @央视军事 
央视军事的微博视频",教育
"【服气！#一岁半小宝贝凭本事拿到奶瓶#】 近日，广东。两小孩各凭本事吃奶，画面左边的小孩才一岁半，几秒后，他拿到了奶瓶↓↓网友：强者从不抱怨环境！ 
封面新闻的微博视频
 ",教育
"【#穿越机视角看烟花有多震撼#】2月10日晚，2024年广州春节烟花汇演在珠江白鹅潭举行，超13万发焰火伴随音乐盛放，庆祝龙年新春佳节。一起跟随穿越机看新春火树银花！#锦绣中国年##在微博过寒假# @新华社 （记者：王瑞平 视频来源：广州公安、飞手蚂蚁团队）
新华社的微博视频
 ",教育
